date, pm25, pm10, o3, no2, co
2025/11/1, 53, 18, 14, 8, 
2025/11/2, 55, 14, 23, 7, 
2025/11/3, 40, 14, 15, 10, 
2025/11/4, 39, 17, 15, 14, 
2025/11/5, 47, 18, 20, 11, 
2025/11/6, 49, 28, 19, 15, 
2025/11/7, 73, 33, 11, 11, 
2025/11/8, 91, 34, 6, 11, 
2025/11/9, 95, 22, 12, 11, 
2025/11/10, 64, 19, 4, 12, 
2025/11/11, 60, 17, 9, 11, 
2025/11/12, 53, 15, 13, 10, 
2025/11/13, 40, 16, 20, 10, 
2025/11/14, 48, 5, 24, 2, 
2025/11/15, 14, , , , 
2025/10/1, 65, 29, 23, 12, 
2025/10/2, 66, 23, 26, 10, 
2025/10/3, 61, 14, 24, 5, 
2025/10/4, 46, 9, 21, 2, 
2025/10/5, 25, 13, 24, 4, 
2025/10/6, 31, 13, 12, 6, 
2025/10/7, 42, 11, 11, 7, 
2025/10/8, 38, 12, 23, 6, 
2025/10/9, 31, 13, 19, 4, 
2025/10/10, 38, 12, 26, 3, 
2025/10/11, 36, 9, 28, 4, 
2025/10/12, 30, 10, 19, 6, 
2025/10/13, 27, 11, 11, 9, 
2025/10/14, 34, 11, 17, 8, 
2025/10/15, 36, 11, 20, 6, 
2025/10/16, 35, 11, 23, 5, 
2025/10/17, 26, 10, 24, 7, 
2025/10/18, 26, 17, 21, 10, 
2025/10/19, 52, 13, 20, 8, 
2025/10/20, 36, 15, 19, 7, 
2025/10/21, 43, 14, 11, 11, 
2025/10/22, 43, 31, 24, 7, 
2025/10/23, 87, 9, 22, 3, 
2025/10/24, 21, 8, 23, 3, 
2025/10/25, 25, 7, 24, 2, 
2025/10/26, 21, 6, 22, 4, 
2025/10/27, 18, 9, 24, 3, 
2025/10/28, 26, 11, 21, 6, 
2025/10/29, 31, 8, 22, 5, 
2025/10/30, 24, 15, 16, 11, 
2025/10/31, 46, 17, 11, 10, 
2025/7/1, 32, 20, 58, 6, 
2025/7/2, 32, 22, 38, 3, 
2025/7/3, 35, 14, 32, 3, 
2025/7/4, 25, 18, 44, 6, 
2025/7/5, 34, 13, 41, 3, 
2025/7/6, 26, 9, 32, 3, 
2025/7/7, 22, 12, 29, 3, 
2025/7/8, 29, 11, 23, 2, 
2025/7/9, 27, 12, 23, 3, 
2025/7/10, 36, 12, 26, 4, 
2025/7/11, 28, 11, 17, 3, 
2025/7/12, 35, 12, 23, 2, 
2025/7/13, 35, 16, 38, 7, 
2025/7/14, 44, 16, 28, 7, 
2025/7/15, 48, 13, 30, 5, 
2025/7/16, 36, 14, 19, 5, 
2025/7/17, 43, 16, 35, 4, 
2025/7/18, 41, 18, 41, 8, 
2025/7/19, 47, 17, 43, 2, 
2025/7/20, 45, 18, 30, 5, 
2025/7/21, 47, 13, 29, 3, 
2025/7/22, 35, 15, 22, 5, 
2025/7/23, 44, 14, 28, 5, 
2025/7/24, 41, 13, 27, 4, 
2025/7/25, 42, 12, 29, 2, 
2025/7/26, 36, 13, 37, 6, 
2025/7/27, 39, 13, 27, 2, 
2025/7/28, 37, 13, 26, 3, 
2025/7/29, 29, 11, 30, 4, 
2025/7/30, 26, 12, 23, 3, 
2025/7/31, 35, 12, 27, 4, 
2025/8/1, 38, 12, 27, 4, 
2025/8/2, 35, 10, 22, 3, 
2025/8/3, 29, 12, 26, 4, 
2025/8/4, 36, 13, 24, 3, 
2025/8/5, 37, 12, 26, 4, 
2025/8/6, 28, 17, 35, 8, 
2025/8/7, 40, 21, 42, 8, 
2025/8/8, 40, 22, 46, 10, 
2025/8/9, 51, 18, 33, 2, 
2025/8/10, 39, 19, 39, 6, 
2025/8/11, 37, 20, 45, 6, 
2025/8/12, 39, 24, 58, 3, 
2025/8/13, 40, 32, 64, 5, 
2025/8/14, 50, 35, 76, 6, 
2025/8/15, 59, 21, 36, 2, 
2025/8/16, 46, 19, 29, 1, 
2025/8/17, 36, 14, 34, 4, 
2025/8/18, 23, 18, 40, 6, 
2025/8/19, 34, 20, 32, 3, 
2025/8/20, 41, 17, 33, 3, 
2025/8/21, 23, 15, 28, 2, 
2025/8/22, 22, 9, 26, 1, 
2025/8/23, 17, 10, 26, 2, 
2025/8/24, 23, 16, 29, 4, 
2025/8/25, 31, 16, 32, 7, 
2025/8/26, 32, 33, 46, 9, 
2025/8/27, 46, 24, 24, 8, 
2025/8/28, 66, 22, 19, 6, 
2025/8/29, 62, 18, 28, 6, 
2025/8/30, 50, 13, 33, 7, 
2025/8/31, 38, 15, 40, 6, 
2025/9/1, 36, 11, 21, 6, 
2025/9/2, 33, 11, 28, 5, 
2025/9/3, 27, 14, 32, 8, 
2025/9/4, 30, 12, 24, 6, 
2025/9/5, 34, 11, 29, 4, 
2025/9/6, 27, 12, 29, 3, 
2025/9/7, 34, 12, 33, 3, 
2025/9/8, 31, 26, 40, 6, 
2025/9/9, 58, 28, 36, 8, 
2025/9/10, 63, 13, 27, 4, 
2025/9/11, 39, 10, 22, 5, 
2025/9/12, 28, 11, 25, 7, 
2025/9/13, 32, 12, 26, 6, 
2025/9/14, 35, 11, 19, 7, 
2025/9/15, 32, 12, 24, 3, 
2025/9/16, 25, 13, 25, 4, 
2025/9/17, 33, 10, 19, 4, 
2025/9/18, 29, 14, 26, 7, 
2025/9/19, 41, 21, 39, 11, 
2025/9/20, 50, 16, 31, 5, 
2025/9/21, 41, 11, 23, 3, 
2025/9/22, 23, 10, 26, 6, 
2025/9/23, 21, 15, 26, 3, 
2025/9/24, 19, 17, 26, 2, 
2025/9/25, 20, 19, 24, 4, 
2025/9/26, 25, 18, 27, 5, 
2025/9/27, 34, 19, 33, 4, 
2025/9/28, 38, 17, 23, 5, 
2025/9/29, 38, 21, 18, 4, 
2025/9/30, 46, 26, 13, 6, 
2025/4/1, 35, 19, 32, 5, 
2025/4/2, 50, 19, 32, 6, 
2025/4/3, 30, 20, 35, 11, 
2025/4/4, 36, 13, 33, 3, 
2025/4/5, 28, 8, 35, 1, 
2025/4/6, 14, 10, 31, 5, 
2025/4/7, 18, 15, 34, 6, 
2025/4/8, 28, 20, 35, 7, 
2025/4/9, 37, 20, 32, 3, 
2025/4/10, 49, 30, 34, 7, 
2025/4/11, 61, 26, 32, 10, 
2025/4/12, 60, 24, 36, 6, 
2025/4/13, 55, 21, 39, 8, 
2025/4/14, 48, 23, 36, 3, 
2025/4/15, 48, 18, 40, 4, 
2025/4/16, 39, 36, 38, 4, 
2025/4/17, 59, 21, 18, 3, 
2025/4/18, 57, 11, 21, 3, 
2025/4/19, 39, 20, 40, 7, 
2025/4/20, 60, 17, 36, 7, 
2025/4/21, 55, 11, 34, 7, 
2025/4/22, 35, 19, 34, 8, 
2025/4/23, 57, 13, 36, 3, 
2025/4/24, 36, 14, 36, 2, 
2025/4/25, 36, 10, 35, 2, 
2025/4/26, 23, 13, 42, 2, 
2025/4/27, 29, 22, 44, 7, 
2025/4/28, 38, 21, 35, 11, 
2025/4/29, 40, 16, 34, 7, 
2025/4/30, 30, 21, 41, 6, 
2025/5/1, 37, 24, 57, 6, 
2025/5/2, 45, 15, 28, 3, 
2025/5/3, 45, 10, 31, 2, 
2025/5/4, 25, 10, 28, 2, 
2025/5/5, 17, 14, 32, 5, 
2025/5/6, 25, 12, 32, 3, 
2025/5/7, 24, 11, 34, 3, 
2025/5/8, 22, 19, 36, 6, 
2025/5/9, 33, 13, 29, 3, 
2025/5/10, 30, 11, 34, 2, 
2025/5/11, 30, 22, 42, 3, 
2025/5/12, 34, 27, 42, 6, 
2025/5/13, 40, 27, 41, 7, 
2025/5/14, 38, 27, 34, 2, 
2025/5/15, 29, 13, 31, 5, 
2025/5/16, 30, 10, 34, 5, 
2025/5/17, 26, 8, 31, 4, 
2025/5/18, 24, 12, 27, 4, 
2025/5/19, 33, 18, 42, 10, 
2025/5/20, 47, 20, 42, 5, 
2025/5/21, 39, 21, 32, 2, 
2025/5/22, 36, 10, 29, 4, 
2025/5/23, 23, 11, 36, 4, 
2025/5/24, 29, 12, 29, 4, 
2025/5/25, 39, 14, 35, 5, 
2025/5/26, 37, 20, 36, 5, 
2025/5/27, 44, 9, 28, 3, 
2025/5/28, 26, 9, 32, 2, 
2025/5/29, 26, 14, 24, 4, 
2025/5/30, 39, 14, 31, 6, 
2025/5/31, 38, 13, 41, 2, 
2025/6/1, 38, 20, 34, 5, 
2025/6/2, 52, 16, 42, 5, 
2025/6/3, 38, 22, 33, 5, 
2025/6/4, 51, 14, 32, 4, 
2025/6/5, 37, 14, 37, 3, 
2025/6/6, 29, 11, 31, 3, 
2025/6/7, 34, 11, 30, 1, 
2025/6/8, 28, 10, 31, 2, 
2025/6/9, 29, 19, 30, 6, 
2025/6/10, 59, 14, 34, 3, 
2025/6/11, 40, 12, 37, 3, 
2025/6/12, 29, 12, 38, 2, 
2025/6/13, 23, 12, 48, 2, 
2025/6/14, 34, 16, 59, 2, 
2025/6/15, 45, 13, 33, 2, 
2025/6/16, 32, 17, 40, 3, 
2025/6/17, 40, 22, 43, 7, 
2025/6/18, 49, 16, 33, 1, 
2025/6/19, 31, 17, 35, 3, 
2025/6/20, 31, 20, 46, 7, 
2025/6/21, 39, 20, 53, 9, 
2025/6/22, 45, 24, 34, 3, 
2025/6/23, 38, 19, 37, 3, 
2025/6/24, 31, 12, 25, 3, 
2025/6/25, 33, 14, 41, 3, 
2025/6/26, 31, 13, 26, 2, 
2025/6/27, 35, 13, 36, 4, 
2025/6/28, 36, 12, 30, 2, 
2025/6/29, 28, 15, 33, 3, 
2025/6/30, 32, 18, 49, 4, 
2025/1/1, 60, 10, 24, 5, 
2025/1/2, 31, 8, 25, 4, 
2025/1/3, 24, 13, 24, 6, 
2025/1/4, 43, 16, 17, 10, 
2025/1/5, 58, 11, 23, 8, 
2025/1/6, 37, 8, 26, 4, 
2025/1/7, 21, 10, 21, 7, 
2025/1/8, 32, 11, 22, 10, 
2025/1/9, 41, 12, 21, 8, 
2025/1/10, 44, 9, 22, 4, 
2025/1/11, 29, 7, 27, 4, 
2025/1/12, 21, 14, 23, 12, 
2025/1/13, 44, 20, 14, 12, 
2025/1/14, 61, 14, 20, 8, 
2025/1/15, 51, 14, 20, 6, 
2025/1/16, 48, 21, 10, 9, 
2025/1/17, 65, 27, 2, 15, 
2025/1/18, 74, 25, 8, 8, 
2025/1/19, 73, 35, 9, 13, 
2025/1/20, 98, 27, 3, 16, 
2025/1/21, 80, 27, 12, 14, 
2025/1/22, 75, 16, 18, 9, 
2025/1/23, 57, 11, 19, 7, 
2025/1/24, 39, 11, 21, 9, 
2025/1/25, 33, 10, 20, 6, 
2025/1/26, 38, 8, 21, 11, 
2025/1/27, 27, 11, 18, 11, 
2025/1/28, 37, 8, 20, 6, 
2025/1/29, 28, 12, 19, 10, 
2025/1/30, 35, 10, 25, 4, 
2025/1/31, 31, 19, 18, 10, 
2025/2/1, 56, 14, 20, 8, 
2025/2/2, 50, 23, 20, 17, 
2025/2/3, 64, 35, 10, 16, 
2025/2/4, 91, 25, 8, 13, 
2025/2/5, 73, 16, 23, 7, 
2025/2/6, 52, 17, 21, 3, 
2025/2/7, 56, 29, 15, 4, 
2025/2/8, 81, 37, 13, 6, 
2025/2/9, 101, 42, 13, 6, 
2025/2/10, 110, 35, 22, 6, 
2025/2/11, 90, 47, 12, 6, 
2025/2/12, 121, 51, 4, 10, 
2025/2/13, 136, 18, 21, 8, 
2025/2/14, 54, 12, 25, 10, 
2025/2/15, 41, 15, 25, 10, 
2025/2/16, 52, 16, 26, 17, 
2025/2/17, 48, 25, 23, 25, 
2025/2/18, 60, 26, 24, 20, 
2025/2/19, 69, 28, 28, 12, 
2025/2/20, 74, 36, 19, 14, 
2025/2/21, 92, 30, 29, 8, 
2025/2/22, 81, 27, 24, 14, 
2025/2/23, 75, 21, 25, 13, 
2025/2/24, 57, 18, 20, 9, 
2025/2/25, 58, 23, 14, 8, 
2025/2/26, 72, 20, 23, 6, 
2025/2/27, 60, 16, 27, 9, 
2025/2/28, 55, 11, 25, 5, 
2025/3/1, 37, 14, 27, 4, 
2025/3/2, 48, 14, 31, 10, 
2025/3/3, 44, 22, 29, 16, 
2025/3/4, 63, 23, 32, 15, 
2025/3/5, 57, 32, 32, 18, 
2025/3/6, 70, 41, 39, 23, 
2025/3/7, 79, 32, 43, 9, 
2025/3/8, 78, 49, 37, 13, 
2025/3/9, 114, 55, 42, 22, 
2025/3/10, 127, 49, 16, 13, 
2025/3/11, 122, 31, 24, 9, 
2025/3/12, 78, 17, 28, 10, 
2025/3/13, 52, 19, 25, 10, 
2025/3/14, 53, 24, 23, 5, 
2025/3/15, 71, 20, 31, 6, 
2025/3/16, 58, 8, 30, 4, 
2025/3/17, 19, 18, 31, 18, 
2025/3/18, 39, 34, 31, 22, 
2025/3/19, 63, 40, 34, 22, 
2025/3/20, 71, 42, 42, 15, 
2025/3/21, 74, 32, 39, 3, 
2025/3/22, 68, 30, 35, 4, 
2025/3/23, 75, 33, 30, 6, 
2025/3/24, 76, 39, 28, 8, 
2025/3/25, 94, 21, 23, 7, 
2025/3/26, 56, 18, 17, 8, 
2025/3/27, 55, 21, 30, 8, 
2025/3/28, 58, 27, 27, 6, 
2025/3/29, 68, 13, 27, 7, 
2025/3/30, 42, 11, 24, 4, 
2025/3/31, 36, 11, 28, 4, 
2024/10/1, 41, 16, 12, 6, 
2024/10/2, 51, 7, 20, 3, 
2024/10/3, 20, 7, 21, 3, 
2024/10/4, 20, 9, 20, 4, 
2024/10/5, 27, 10, 18, 2, 
2024/10/6, 37, 18, 10, 8, 
2024/10/7, 57, 17, 15, 8, 
2024/10/8, 51, 10, 22, 6, 
2024/10/9, 27, 8, 24, 4, 
2024/10/10, 21, 11, 26, 7, 
2024/10/11, 33, 12, 26, 9, 
2024/10/12, 36, 8, 24, 2, 
2024/10/13, 26, 11, 22, 6, 
2024/10/14, 31, 11, 24, 9, 
2024/10/15, 31, 13, 26, 4, 
2024/10/16, 41, 17, 21, 8, 
2024/10/17, 48, 23, 22, 8, 
2024/10/18, 59, 21, 18, 8, 
2024/10/19, 58, 22, 23, 8, 
2024/10/20, 62, 19, 11, 8, 
2024/10/21, 54, 17, 20, 9, 
2024/10/22, 47, 22, 22, 14, 
2024/10/23, 56, 21, 23, 8, 
2024/10/24, 58, 29, 17, 12, 
2024/10/25, 75, 33, 14, 12, 
2024/10/26, 85, 25, 10, 7, 
2024/10/27, 71, 21, 17, 9, 
2024/10/28, 60, 17, 14, 8, 
2024/10/29, 53, 14, 23, 6, 
2024/10/30, 44, 11, 19, 5, 
2024/10/31, 35, 24, 12, 6, 
2024/11/1, 71, 17, 26, 8, 
2024/11/2, 44, 22, 21, 12, 
2024/11/3, 64, 15, 13, 10, 
2024/11/4, 50, 22, 11, 8, 
2024/11/5, 64, 24, 2, 9, 
2024/11/6, 69, 10, 8, 7, 
2024/11/7, 37, 19, 13, 5, 
2024/11/8, 61, 31, 10, 5, 
2024/11/9, 89, 30, 6, 9, 
2024/11/10, 84, 26, 1, 7, 
2024/11/11, 75, 21, 8, 7, 
2024/11/12, 65, 19, 7, 12, 
2024/11/13, 57, 13, 17, 9, 
2024/11/14, 45, 20, 21, 8, 
2024/11/15, 53, 17, 20, 3, 
2024/11/16, 55, 11, 23, 3, 
2024/11/17, 40, 8, 22, 5, 
2024/11/18, 22, 10, 15, 9, 
2024/11/19, 35, 9, 22, 5, 
2024/11/20, 35, 11, 19, 6, 
2024/11/21, 38, 13, 16, 7, 
2024/11/22, 46, 11, 19, 5, 
2024/11/23, 39, 10, 20, 5, 
2024/11/24, 32, 16, 15, 10, 
2024/11/25, 44, 16, 17, 11, 
2024/11/26, 50, 14, 14, 9, 
2024/11/27, 46, 5, 22, 3, 
2024/11/28, 18, 9, 17, 6, 
2024/11/29, 30, 13, 16, 8, 
2024/11/30, 47, 20, 6, 9, 
2024/12/1, 66, 17, 7, 9, 
2024/12/2, 57, 16, 17, 8, 
2024/12/3, 54, 11, 14, 7, 
2024/12/4, 40, 14, 16, 7, 
2024/12/5, 48, 13, 16, 12, 
2024/12/6, 48, 11, 15, 6, 
2024/12/7, 38, 19, 12, 5, 
2024/12/8, 62, 12, 11, 4, 
2024/12/9, 44, 18, 13, 4, 
2024/12/10, 59, 15, 17, 6, 
2024/12/11, 52, 20, 15, 10, 
2024/12/12, 62, 17, 16, 7, 
2024/12/13, 57, 22, 8, 7, 
2024/12/14, 71, 12, 20, 4, 
2024/12/15, 42, 6, 24, 4, 
2024/12/16, 19, 12, 23, 5, 
2024/12/17, 38, 11, 21, 6, 
2024/12/18, 37, 7, 27, 3, 
2024/12/19, 22, 12, 26, 4, 
2024/12/20, 35, 10, 18, 4, 
2024/12/21, 38, 9, 26, 3, 
2024/12/22, 30, 11, 24, 5, 
2024/12/23, 35, 13, 18, 7, 
2024/12/24, 38, 20, 10, 7, 
2024/12/25, 63, 16, 8, 6, 
2024/12/26, 53, 14, 6, 9, 
2024/12/27, 43, 23, 1, 9, 
2024/12/28, 66, 23, 5, 10, 
2024/12/29, 72, , , , 
2024/7/1, 41, 10, 19, 3, 
2024/7/2, 32, 12, 23, 3, 
2024/7/3, 31, 11, 25, 4, 
2024/7/4, 33, 14, 32, 4, 
2024/7/5, 34, 12, 30, 3, 
2024/7/6, 29, 11, 33, 2, 
2024/7/7, 22, 13, 39, 6, 
2024/7/8, 23, 17, 48, 3, 
2024/7/9, 28, 22, 35, 5, 
2024/7/10, 53, 15, 33, 5, 
2024/7/11, 43, 14, 30, 5, 
2024/7/12, 43, 10, 31, 3, 
2024/7/13, 30, 11, 36, 6, 
2024/7/14, 35, 13, 45, 8, 
2024/7/15, 35, 18, 35, 5, 
2024/7/16, 42, 9, 35, 3, 
2024/7/17, 24, 13, 36, 4, 
2024/7/18, 26, 15, 52, 6, 
2024/7/19, 33, 16, 48, 2, 
2024/7/20, 38, 20, 61, 2, 
2024/7/21, 49, 13, 29, 4, 
2024/7/22, 37, 13, 37, 5, 
2024/7/23, 31, 12, 25, 2, 
2024/7/24, 35, 12, 30, 3, 
2024/7/25, 26, 17, 38, 7, 
2024/7/26, 42, 14, 30, 5, 
2024/7/27, 48, 9, 29, 3, 
2024/7/28, 29, 8, 27, 2, 
2024/7/29, 23, 12, 37, 6, 
2024/7/30, 28, 17, 48, 9, 
2024/7/31, 41, 18, 49, 3, 
2024/8/1, 37, 20, 30, 3, 
2024/8/2, 39, 17, 36, 4, 
2024/8/3, 41, 14, 31, 3, 
2024/8/4, 44, 12, 28, 2, 
2024/8/5, 31, 14, 38, 8, 
2024/8/6, 39, 18, 53, 4, 
2024/8/7, 45, 15, 34, 3, 
2024/8/8, 43, 17, 32, 6, 
2024/8/9, 45, 12, 37, 2, 
2024/8/10, 35, 14, 30, 3, 
2024/8/11, 38, 14, 49, 5, 
2024/8/12, 33, 15, 44, 2, 
2024/8/13, 27, 18, 55, 2, 
2024/8/14, 34, 18, 44, 4, 
2024/8/15, 48, 16, 40, 6, 
2024/8/16, 40, 12, 38, 5, 
2024/8/17, 33, 15, 25, 1, 
2024/8/18, 45, 16, 36, 3, 
2024/8/19, 37, 19, 42, 7, 
2024/8/20, 51, 19, 31, 2, 
2024/8/21, 34, 16, 33, 4, 
2024/8/22, 33, 22, 40, 4, 
2024/8/23, 32, 12, 48, 3, 
2024/8/24, 28, 18, 38, 2, 
2024/8/25, 32, 18, 37, 6, 
2024/8/26, 40, 17, 42, 6, 
2024/8/27, 44, 24, 48, 2, 
2024/8/28, 51, 29, 54, 9, 
2024/8/29, 56, 24, 44, 9, 
2024/8/30, 49, 12, 38, 2, 
2024/8/31, 33, 13, 38, 2, 
2024/9/1, 35, 19, 40, 3, 
2024/9/2, 36, 32, 57, 6, 
2024/9/3, 59, 35, 56, 5, 
2024/9/4, 59, 49, 47, 3, 
2024/9/5, 65, 48, 47, 3, 
2024/9/6, 65, 40, 58, 3, 
2024/9/7, 64, 25, 48, 4, 
2024/9/8, 44, 14, 32, 5, 
2024/9/9, 39, 12, 27, 4, 
2024/9/10, 34, 9, 27, 4, 
2024/9/11, 28, 8, 27, 5, 
2024/9/12, 20, 9, 24, 7, 
2024/9/13, 23, 9, 30, 4, 
2024/9/14, 19, 7, 27, 2, 
2024/9/15, 17, 11, 22, 3, 
2024/9/16, 32, 37, 33, 3, 
2024/9/17, 78, 40, 35, 4, 
2024/9/18, 88, 32, 35, 3, 
2024/9/19, 71, 34, 40, 4, 
2024/9/20, 61, 30, 42, 4, 
2024/9/21, 62, 31, 40, 6, 
2024/9/22, 67, 29, 39, 10, 
2024/9/23, 59, 19, 22, 8, 
2024/9/24, 54, 10, 25, 4, 
2024/9/25, 31, 8, 28, 6, 
2024/9/26, 23, 8, 29, 2, 
2024/9/27, 19, 7, 28, 3, 
2024/9/28, 18, 8, 28, 5, 
2024/9/29, 25, 9, 28, 4, 
2024/9/30, 25, 12, 22, 5, 
2024/4/1, 90, 9, 30, 3, 
2024/4/2, 27, 11, 27, 6, 
2024/4/3, 40, 9, 29, 5, 
2024/4/4, 29, 9, 27, 4, 
2024/4/5, 28, 10, 34, 5, 
2024/4/6, 30, 16, 37, 5, 
2024/4/7, 41, 37, 37, 14, 
2024/4/8, 58, 39, 35, 8, 
2024/4/9, 59, 12, 29, 5, 
2024/4/10, 32, 16, 33, 8, 
2024/4/11, 44, 15, 27, 6, 
2024/4/12, 42, 16, 30, 4, 
2024/4/13, 43, 12, 36, 2, 
2024/4/14, 26, 15, 42, 4, 
2024/4/15, 32, 8, 33, 3, 
2024/4/16, 24, 7, 33, 5, 
2024/4/17, 19, 8, 32, 4, 
2024/4/18, 23, 9, 25, 5, 
2024/4/19, 33, 6, 31, 3, 
2024/4/20, 21, 9, 34, 2, 
2024/4/21, 31, 9, 30, 7, 
2024/4/22, 29, 12, 35, 9, 
2024/4/23, 42, 17, 34, 7, 
2024/4/24, 54, 14, 33, 6, 
2024/4/25, 48, 11, 37, 6, 
2024/4/26, 34, 16, 41, 12, 
2024/4/27, 48, 11, 42, 4, 
2024/4/28, 35, 11, 38, 5, 
2024/4/29, 22, 24, 52, 5, 
2024/4/30, 42, 20, 46, 2, 
2024/5/1, 39, 24, 44, 1, 
2024/5/2, 38, 22, 35, 3, 
2024/5/3, 45, 17, 37, 3, 
2024/5/4, 53, 16, 33, 2, 
2024/5/5, 45, 12, 39, 4, 
2024/5/6, 28, 17, 31, 2, 
2024/5/7, 35, 16, 40, 3, 
2024/5/8, 33, 17, 43, 3, 
2024/5/9, 36, 22, 41, 8, 
2024/5/10, 47, 17, 29, 1, 
2024/5/11, 48, 11, 40, 1, 
2024/5/12, 23, 19, 45, 2, 
2024/5/13, 26, 23, 48, 2, 
2024/5/14, 28, 28, 44, 1, 
2024/5/15, 30, 31, 42, 1, 
2024/5/16, 36, 28, 43, 2, 
2024/5/17, 39, 11, 34, 2, 
2024/5/18, 29, 16, 33, 3, 
2024/5/19, 52, 14, 38, 3, 
2024/5/20, 46, 23, 52, 2, 
2024/5/21, 50, 23, 43, 3, 
2024/5/22, 50, 21, 40, 3, 
2024/5/23, 51, 27, 42, 3, 
2024/5/24, 59, 17, 41, 5, 
2024/5/25, 55, 12, 42, 4, 
2024/5/26, 42, 14, 39, 5, 
2024/5/27, 40, 13, 32, 5, 
2024/5/28, 42, 13, 37, 4, 
2024/5/29, 38, 14, 24, 6, 
2024/5/30, 44, 13, 34, 4, 
2024/5/31, 38, 23, 41, 4, 
2024/6/1, 62, 22, 38, 3, 
2024/6/2, 59, 20, 33, 3, 
2024/6/3, 54, 16, 35, 6, 
2024/6/4, 42, 18, 26, 7, 
2024/6/5, 48, 17, 38, 4, 
2024/6/6, 50, 18, 38, 5, 
2024/6/7, 53, 21, 46, 8, 
2024/6/8, 57, 10, 32, 2, 
2024/6/9, 25, 16, 33, 4, 
2024/6/10, 36, 11, 29, 3, 
2024/6/11, 25, 10, 32, 4, 
2024/6/12, 23, 10, 32, 4, 
2024/6/13, 23, 17, 29, 9, 
2024/6/14, 44, 13, 30, 5, 
2024/6/15, 39, 13, 32, 7, 
2024/6/16, 39, 13, 29, 5, 
2024/6/17, 28, 12, 35, 6, 
2024/6/18, 27, 13, 28, 4, 
2024/6/19, 38, 12, 36, 5, 
2024/6/20, 31, 23, 32, 6, 
2024/6/21, 58, 17, 38, 3, 
2024/6/22, 47, 14, 34, 2, 
2024/6/23, 41, 13, 38, 5, 
2024/6/24, 36, 15, 37, 2, 
2024/6/25, 36, 16, 47, 2, 
2024/6/26, 38, 24, 45, 4, 
2024/6/27, 56, 21, 43, 5, 
2024/6/28, 51, 17, 49, 2, 
2024/6/29, 42, 17, 33, 1, 
2024/6/30, 48, 14, 27, 3, 
2024/1/1, 75, 8, 16, 9, 
2024/1/2, 29, 7, 24, 4, 
2024/1/3, 24, 5, 23, 4, 
2024/1/4, 20, 13, 14, 5, 
2024/1/5, 46, 24, 28, 3, 
2024/1/6, 75, 10, 29, 4, 
2024/1/7, 36, 15, 20, 5, 
2024/1/8, 54, 28, 18, 9, 
2024/1/9, 79, 50, 11, 16, 
2024/1/10, 127, 18, 10, 13, 
2024/1/11, 61, 17, 15, 9, 
2024/1/12, 58, 10, 20, 6, 
2024/1/13, 37, 9, 25, 4, 
2024/1/14, 32, 8, 24, 6, 
2024/1/15, 30, 12, 21, 13, 
2024/1/16, 42, 17, 15, 14, 
2024/1/17, 58, 27, 10, 20, 
2024/1/18, 80, 15, 20, 11, 
2024/1/19, 50, 18, 20, 8, 
2024/1/20, 60, 15, 23, 8, 
2024/1/21, 51, 8, 25, 5, 
2024/1/22, 29, 11, 26, 6, 
2024/1/23, 35, 8, 30, 3, 
2024/1/24, 27, 13, 29, 6, 
2024/1/25, 39, 14, 27, 9, 
2024/1/26, 45, 16, 26, 2, 
2024/1/27, 47, 17, 18, , 
2024/1/28, 53, 20, 15, 22, 
2024/1/29, 54, 25, 9, 17, 
2024/1/30, 65, 10, 26, 6, 
2024/1/31, 33, 13, 25, 5, 
2024/2/1, 42, 16, 20, 6, 
2024/2/2, 51, 10, 22, 5, 
2024/2/3, 37, 9, 26, 4, 
2024/2/4, 28, 13, 21, 4, 
2024/2/5, 36, 10, 25, 3, 
2024/2/6, 28, 10, 29, 7, 
2024/2/7, 28, 17, 26, 13, 
2024/2/8, 52, 13, 24, 8, 
2024/2/9, 42, 17, 15, 10, 
2024/2/10, 55, 25, 13, 5, 
2024/2/11, 75, 11, 20, 9, 
2024/2/12, 40, 16, 24, 9, 
2024/2/13, 50, 14, 14, 11, 
2024/2/14, 48, 13, 10, 10, 
2024/2/15, 44, 16, 13, 10, 
2024/2/16, 50, 9, 24, 4, 
2024/2/17, 29, 13, 22, 5, 
2024/2/18, 39, 7, 20, 6, 
2024/2/19, 23, 12, 24, 7, 
2024/2/20, 37, 15, 21, 7, 
2024/2/21, 51, 8, 23, 6, 
2024/2/22, 24, 7, 31, 6, 
2024/2/23, 20, 11, 24, 9, 
2024/2/24, 40, 14, 28, 12, 
2024/2/25, 44, 20, 24, 9, 
2024/2/26, 61, 18, 23, 5, 
2024/2/27, 57, 16, 21, 7, 
2024/2/28, 53, 22, 18, 9, 
2024/2/29, 67, 38, 10, 10, 
2024/3/1, 94, 34, 17, 10, 
2024/3/2, 91, 29, 23, 4, 
2024/3/3, 81, 40, 22, 5, 
2024/3/4, 101, 34, 25, 5, 
2024/3/5, 73, 26, 20, 6, 
2024/3/6, 73, 35, 31, 6, 
2024/3/7, 86, 27, 31, 5, 
2024/3/8, 76, 29, 23, 4, 
2024/3/9, 83, 25, 26, 3, 
2024/3/10, 73, 22, 22, 7, 
2024/3/11, 58, 20, 25, 15, 
2024/3/12, 56, 23, 24, 8, 
2024/3/13, 64, 16, 18, 7, 
2024/3/14, 52, 19, 22, 8, 
2024/3/15, 55, 9, 28, 4, 
2024/3/16, 27, 9, 30, 3, 
2024/3/17, 26, 11, 30, 2, 
2024/3/18, 29, 26, 27, 8, 
2024/3/19, 54, 29, 32, 11, 
2024/3/20, 66, 18, 25, 10, 
2024/3/21, 57, 17, 26, 7, 
2024/3/22, 57, 8, 29, 4, 
2024/3/23, 29, 9, 26, 3, 
2024/3/24, 32, 9, 24, 8, 
2024/3/25, 30, 12, 30, 7, 
2024/3/26, 38, 17, 29, 6, 
2024/3/27, 38, 14, 34, 4, 
2024/3/28, 40, 7, 31, 3, 
2024/3/29, 21, 58, 23, 9, 
2024/3/30, 89, 89, 30, 13, 
2024/3/31, 148, 44, 28, 5, 
2023/10/1, 46, 17, 28, 13, 
2023/10/2, 48, 17, 31, 6, 
2023/10/3, 45, 11, 21, 5, 
2023/10/4, 33, 10, 21, 7, 
2023/10/5, 33, 13, 22, 6, 
2023/10/6, 42, 9, 22, 4, 
2023/10/7, 30, 6, 24, 4, 
2023/10/8, 18, 10, 18, 8, 
2023/10/9, 35, 11, 15, 8, 
2023/10/10, 38, 20, 30, 9, 
2023/10/11, 51, 15, 24, 7, 
2023/10/12, 43, 15, 26, 6, 
2023/10/13, 46, 12, 27, 4, 
2023/10/14, 31, 7, 24, 3, 
2023/10/15, 20, 8, 19, 9, 
2023/10/16, 24, 12, 20, 15, 
2023/10/17, 36, 18, 22, 9, 
2023/10/18, 56, 22, 20, 6, 
2023/10/19, 66, 9, 11, 3, 
2023/10/20, 33, 17, 17, 9, 
2023/10/21, 52, 14, 20, 8, 
2023/10/22, 43, 13, 11, 12, 
2023/10/23, 39, 18, 8, 7, 
2023/10/24, 57, 16, 17, 10, 
2023/10/25, 53, 14, 13, 7, 
2023/10/26, 48, 16, 9, 5, 
2023/10/27, 54, 12, 10, 7, 
2023/10/28, 41, 9, 24, 5, 
2023/10/29, 28, 8, 21, 7, 
2023/10/30, 22, 8, 21, 6, 
2023/10/31, 26, 8, 17, 8, 
2023/11/1, 23, 10, 14, 8, 
2023/11/2, 29, 13, 15, 11, 
2023/11/3, 42, 8, 22, 4, 
2023/11/4, 23, 6, 20, 3, 
2023/11/5, 20, 8, 20, 5, 
2023/11/6, 27, 8, 20, 6, 
2023/11/7, 25, 9, 18, 7, 
2023/11/8, 29, 9, 18, 6, 
2023/11/9, 27, 9, 19, 8, 
2023/11/10, 27, 12, 12, 9, 
2023/11/11, 42, 15, 15, 7, 
2023/11/12, 51, 13, 14, 9, 
2023/11/13, 44, 10, 23, 5, 
2023/11/14, 31, 11, 18, 9, 
2023/11/15, 36, 10, 15, 9, 
2023/11/16, 35, 10, 14, 7, 
2023/11/17, 36, 13, 12, 7, 
2023/11/18, 47, 13, 19, 6, 
2023/11/19, 45, 10, 19, 11, 
2023/11/20, 33, 13, 12, 5, 
2023/11/21, 46, 16, 14, 9, 
2023/11/22, 54, 11, 28, 5, 
2023/11/23, 40, 8, 26, 5, 
2023/11/24, 25, 8, 18, 6, 
2023/11/25, 27, 12, 20, 8, 
2023/11/26, 38, 17, 19, 12, 
2023/11/27, 58, 16, 16, 10, 
2023/11/28, 57, 15, 12, 9, 
2023/11/29, 54, 20, 11, 16, 
2023/11/30, 61, 21, 7, 17, 
2023/12/1, 66, 17, 8, 10, 
2023/12/2, 59, 18, 11, 9, 
2023/12/3, 63, 22, 7, 13, 
2023/12/4, 70, 31, 10, 10, 
2023/12/5, 92, 35, 7, 12, 
2023/12/6, 97, 26, , 12, 
2023/12/7, 79, 24, 5, 10, 
2023/12/8, 72, 22, 9, 9, 
2023/12/9, 70, 12, 21, 6, 
2023/12/10, 44, 9, 23, 7, 
2023/12/11, 30, 13, 17, 12, 
2023/12/12, 42, 20, 7, 7, 
2023/12/13, 65, 15, 6, 7, 
2023/12/14, 53, 22, 7, 11, 
2023/12/15, 67, 20, 17, 8, 
2023/12/16, 61, 16, 16, 6, 
2023/12/17, 55, 17, 14, 8, 
2023/12/18, 55, 14, 10, 9, 
2023/12/19, 51, 8, 26, 6, 
2023/12/20, 28, 6, 29, 4, 
2023/12/21, 20, 8, 29, 3, 
2023/12/22, 24, 7, 27, 6, 
2023/12/23, 25, 7, 27, 4, 
2023/12/24, 25, 7, 27, 3, 
2023/12/25, 25, 6, 28, 3, 
2023/12/26, 21, 11, 23, 9, 
2023/12/27, 36, 11, 20, 5, 
2023/12/28, 39, 8, 24, 4, 
2023/12/29, 30, 14, 25, 8, 
2023/12/30, 42, 17, 16, 7, 
2023/12/31, 54, 28, 19, 7, 
2023/7/1, 37, 14, 37, 2, 
2023/7/2, 34, 17, 35, 5, 
2023/7/3, 44, 17, 31, 4, 
2023/7/4, 40, 17, 32, 5, 
2023/7/5, 39, 13, 36, 5, 
2023/7/6, 28, 15, 45, 10, 
2023/7/7, 35, 15, 58, 5, 
2023/7/8, 36, 13, 59, 2, 
2023/7/9, 32, 15, 48, 5, 
2023/7/10, 39, 12, 45, 3, 
2023/7/11, 31, 14, 38, 4, 
2023/7/12, 32, 13, 36, 4, 
2023/7/13, 28, 11, 43, 4, 
2023/7/14, 28, 15, 52, 5, 
2023/7/15, 34, 10, 35, 3, 
2023/7/16, 27, 13, 35, 7, 
2023/7/17, 30, 11, 36, 4, 
2023/7/18, 26, 13, 43, 8, 
2023/7/19, 27, 9, 29, 3, 
2023/7/20, 25, 11, 32, 9, 
2023/7/21, 29, 12, 31, 5, 
2023/7/22, 36, 13, 37, 4, 
2023/7/23, 33, 10, 29, 5, 
2023/7/24, 24, 10, 30, 3, 
2023/7/25, 27, 9, 26, 4, 
2023/7/26, 23, 9, 27, 5, 
2023/7/27, 30, 9, 18, 5, 
2023/7/28, 28, 11, 25, 5, 
2023/7/29, 36, 10, 32, 4, 
2023/7/30, 32, 9, 23, 3, 
2023/7/31, 29, 8, 27, 3, 
2023/8/1, 25, 8, 28, 3, 
2023/8/2, 22, 8, 25, 2, 
2023/8/3, 20, 10, 29, 4, 
2023/8/4, 30, 11, 30, 4, 
2023/8/5, 34, 11, 25, 4, 
2023/8/6, 39, 10, 29, 3, 
2023/8/7, 24, 8, 29, 3, 
2023/8/8, 23, 9, 26, 5, 
2023/8/9, 23, 11, 29, 9, 
2023/8/10, 30, 14, 31, 12, 
2023/8/11, 38, 14, 36, 6, 
2023/8/12, 41, 9, 38, 3, 
2023/8/13, 27, 12, 39, 6, 
2023/8/14, 32, 12, 44, 7, 
2023/8/15, 35, 10, 38, 3, 
2023/8/16, 31, 11, 38, 2, 
2023/8/17, 28, 14, 43, 3, 
2023/8/18, 39, 15, 50, 5, 
2023/8/19, 48, 14, 36, 4, 
2023/8/20, 39, 12, 34, 5, 
2023/8/21, 31, 15, 32, 4, 
2023/8/22, 29, 15, 38, 9, 
2023/8/23, 38, 16, 47, 10, 
2023/8/24, 37, 18, 45, 6, 
2023/8/25, 47, 10, 32, 4, 
2023/8/26, 30, 10, 33, 6, 
2023/8/27, 33, 9, 29, 5, 
2023/8/28, 24, 9, 26, 6, 
2023/8/29, 28, 8, 30, 7, 
2023/8/30, 25, 8, 25, 6, 
2023/8/31, 25, 10, 32, 8, 
2023/9/1, 32, 18, 31, 13, 
2023/9/2, 56, 12, 30, 8, 
2023/9/3, 37, 15, 46, 15, 
2023/9/4, 39, 15, 34, 11, 
2023/9/5, 34, 19, 52, 11, 
2023/9/6, 43, 18, 51, 5, 
2023/9/7, 43, 22, 50, 6, 
2023/9/8, 52, 25, 48, 10, 
2023/9/9, 57, 28, 56, 14, 
2023/9/10, 63, 34, 60, 21, 
2023/9/11, 66, 33, 46, 15, 
2023/9/12, 59, 12, 29, 6, 
2023/9/13, 35, 9, 27, 6, 
2023/9/14, 25, 11, 32, 5, 
2023/9/15, 28, 11, 40, 4, 
2023/9/16, 32, 17, 46, 6, 
2023/9/17, 49, 19, 31, 6, 
2023/9/18, 45, 13, 27, 4, 
2023/9/19, 30, 15, 29, 6, 
2023/9/20, 29, 17, 40, 10, 
2023/9/21, 32, 11, 22, 7, 
2023/9/22, 32, 10, 26, 6, 
2023/9/23, 29, 11, 27, 7, 
2023/9/24, 37, 14, 32, 8, 
2023/9/25, 36, 22, 32, 7, 
2023/9/26, 55, 29, 34, 14, 
2023/9/27, 62, 33, 38, 16, 
2023/9/28, 67, 31, 24, 15, 
2023/9/29, 63, 14, 24, 5, 
2023/9/30, 37, 16, 30, 7, 
2023/4/1, 28, 7, 34, 1, 
2023/4/2, 22, 7, 34, 3, 
2023/4/3, 20, 8, 33, 5, 
2023/4/4, 25, 12, 32, 11, 
2023/4/5, 38, 15, 37, 9, 
2023/4/6, 46, 14, 26, 5, 
2023/4/7, 47, 19, 25, 4, 
2023/4/8, 63, 24, 23, 10, 
2023/4/9, 74, 24, 35, 6, 
2023/4/10, 67, 10, 31, 6, 
2023/4/11, 33, 9, 36, 9, 
2023/4/12, 28, 12, 31, 10, 
2023/4/13, 39, 12, 26, 13, 
2023/4/14, 40, 15, 19, 5, 
2023/4/15, 52, 16, 18, 3, 
2023/4/16, 55, 19, 26, 5, 
2023/4/17, 61, 16, 32, 5, 
2023/4/18, 53, 11, 40, 4, 
2023/4/19, 35, 16, 33, 4, 
2023/4/20, 52, 21, 47, 4, 
2023/4/21, 57, 20, 50, 6, 
2023/4/22, 56, 16, 36, 7, 
2023/4/23, 50, 9, 37, 5, 
2023/4/24, 27, 11, 35, 4, 
2023/4/25, 31, 10, 34, 5, 
2023/4/26, 30, 12, 35, 8, 
2023/4/27, 33, 20, 38, 11, 
2023/4/28, 52, 17, 34, 7, 
2023/4/29, 55, 11, 38, 4, 
2023/4/30, 34, 17, 42, 8, 
2023/5/1, 51, 15, 32, 7, 
2023/5/2, 42, 15, 35, 5, 
2023/5/3, 34, 17, 42, 4, 
2023/5/4, 39, 21, 40, 3, 
2023/5/5, 40, 12, 26, 3, 
2023/5/6, 40, 10, 38, 2, 
2023/5/7, 34, 12, 39, 2, 
2023/5/8, 33, 18, 42, 4, 
2023/5/9, 35, 18, 41, 5, 
2023/5/10, 40, 17, 40, 7, 
2023/5/11, 43, 20, 45, 3, 
2023/5/12, 42, 21, 45, 3, 
2023/5/13, 45, 20, 43, 5, 
2023/5/14, 50, 23, 37, 12, 
2023/5/15, 52, 17, 32, 4, 
2023/5/16, 40, 15, 32, 3, 
2023/5/17, 31, 12, 34, 2, 
2023/5/18, 28, 11, 34, 3, 
2023/5/19, 23, 14, 33, 3, 
2023/5/20, 40, 23, 43, 2, 
2023/5/21, 54, 21, 44, 3, 
2023/5/22, 37, 21, 33, 6, 
2023/5/23, 47, 15, 28, 4, 
2023/5/24, 40, 18, 35, 7, 
2023/5/25, 48, 18, 36, 4, 
2023/5/26, 44, 11, 38, 3, 
2023/5/27, 29, 15, 46, 5, 
2023/5/28, 36, 12, 39, 2, 
2023/5/29, 29, 15, 40, 4, 
2023/5/30, 26, 18, 38, 7, 
2023/5/31, 28, 20, 38, 4, 
2023/6/1, 45, 18, 33, 3, 
2023/6/2, 35, 10, 36, 1, 
2023/6/3, 18, 10, 41, 3, 
2023/6/4, 18, 16, 44, 3, 
2023/6/5, 23, 24, 45, 5, 
2023/6/6, 40, 18, 54, 5, 
2023/6/7, 35, 19, 55, 5, 
2023/6/8, 39, 20, 49, 4, 
2023/6/9, 39, 19, 48, 2, 
2023/6/10, 45, 18, 45, 1, 
2023/6/11, 37, 21, 47, 3, 
2023/6/12, 40, 21, 37, 3, 
2023/6/13, 35, 21, 37, 3, 
2023/6/14, 39, 18, 36, 4, 
2023/6/15, 38, 14, 33, 6, 
2023/6/16, 45, 15, 34, 6, 
2023/6/17, 50, 17, 47, 8, 
2023/6/18, 54, 23, 54, 7, 
2023/6/19, 63, 29, 42, 9, 
2023/6/20, 75, 22, 41, 8, 
2023/6/21, 61, 15, 51, 4, 
2023/6/22, 40, 15, 30, 5, 
2023/6/23, 47, 16, 36, 4, 
2023/6/24, 43, 15, 44, 9, 
2023/6/25, 43, 16, 44, 7, 
2023/6/26, 46, 9, 28, 4, 
2023/6/27, 25, 10, 32, 4, 
2023/6/28, 26, 13, 41, 10, 
2023/6/29, 38, 14, 25, 6, 
2023/6/30, 46, 14, 40, 3, 
2023/1/2, 38, 16, 24, 12, 
2023/1/3, 45, 9, 20, 6, 
2023/1/4, 31, 6, 21, 4, 
2023/1/5, 18, 9, 12, 10, 
2023/1/6, 32, 10, 14, 8, 
2023/1/7, 37, 13, 14, 7, 
2023/1/8, 48, 13, 17, 12, 
2023/1/9, 46, 13, 18, 8, 
2023/1/10, 42, 9, 19, 8, 
2023/1/11, 29, 8, 20, 5, 
2023/1/12, 25, 6, 25, 5, 
2023/1/13, 19, 8, 23, 4, 
2023/1/14, 26, 6, 28, 3, 
2023/1/15, 19, 7, 21, 7, 
2023/1/16, 20, 11, 21, 11, 
2023/1/17, 34, 21, 8, 18, 
2023/1/18, 60, 21, 11, 13, 
2023/1/19, 66, 26, 17, 12, 
2023/1/20, 74, 13, 22, 4, 
2023/1/21, 45, 13, 17, 4, 
2023/1/22, 46, 21, 11, 6, 
2023/1/23, 65, 26, 13, 9, 
2023/1/24, 73, 20, 16, 8, 
2023/1/25, 65, 15, 7, 9, 
2023/1/26, 54, 11, 19, 7, 
2023/1/27, 39, 10, 24, 7, 
2023/1/28, 36, 17, 19, 6, 
2023/1/29, 59, 12, 26, 6, 
2023/1/30, 41, 10, 25, 6, 
2023/1/31, 34, 9, 26, 5, 
2023/2/1, 28, 11, 26, 9, 
2023/2/2, 31, 10, 27, 5, 
2023/2/3, 36, 7, 21, 5, 
2023/2/4, 20, 12, 17, 12, 
2023/2/5, 42, 21, 8, 16, 
2023/2/6, 66, 32, 10, 21, 
2023/2/7, 88, 35, 17, 17, 
2023/2/8, 94, 21, 18, 11, 
2023/2/9, 65, 28, 14, 12, 
2023/2/10, 80, 24, 16, 7, 
2023/2/11, 73, 12, 19, 7, 
2023/2/12, 44, 14, 20, 9, 
2023/2/13, 48, 23, 20, 7, 
2023/2/14, 67, 33, 10, 14, 
2023/2/15, 84, 29, 18, 15, 
2023/2/16, 76, 17, 30, 7, 
2023/2/17, 56, 8, 28, 5, 
2023/2/18, 23, 9, 27, 7, 
2023/2/19, 29, 11, 21, 6, 
2023/2/20, 40, 11, 23, 6, 
2023/2/21, 32, 19, 20, 11, 
2023/2/22, 52, 29, 16, 9, 
2023/2/23, 80, 12, 26, 5, 
2023/2/24, 40, 6, 24, 5, 
2023/2/25, 19, 6, 29, 4, 
2023/2/26, 18, 10, 23, 11, 
2023/2/27, 30, 14, 29, 11, 
2023/2/28, 43, 28, 23, 23, 
2023/3/1, 67, 26, 15, 13, 
2023/3/2, 73, 19, 19, 8, 
2023/3/3, 62, 14, 28, 5, 
2023/3/4, 42, 9, 27, 5, 
2023/3/5, 28, 10, 23, 9, 
2023/3/6, 32, 11, 22, 7, 
2023/3/7, 41, 11, 25, 5, 
2023/3/8, 41, 20, 22, 6, 
2023/3/9, 66, 15, 11, 9, 
2023/3/10, 53, 10, 27, 5, 
2023/3/11, 37, 9, 29, 5, 
2023/3/12, 33, 9, 17, 5, 
2023/3/13, 30, 6, 26, 5, 
2023/3/14, 19, 9, 26, 7, 
2023/3/15, 28, 9, 29, 10, 
2023/3/16, 25, 13, 28, 7, 
2023/3/17, 39, 18, 26, 9, 
2023/3/18, 53, 21, 26, 12, 
2023/3/19, 65, 15, 22, 10, 
2023/3/20, 52, 21, 20, 8, 
2023/3/21, 65, 14, 30, 7, 
2023/3/22, 46, 8, 28, 6, 
2023/3/23, 24, 9, 26, 8, 
2023/3/24, 30, 6, 30, 4, 
2023/3/25, 19, 7, 31, 3, 
2023/3/26, 21, 7, 30, 4, 
2023/3/27, 20, 7, 32, 5, 
2023/3/28, 20, 14, 29, 10, 
2023/3/29, 45, 13, 29, 9, 
2023/3/30, 43, 8, 25, 7, 
2023/3/31, 27, 8, 27, 5, 
2022/10/1, 49, 11, 19, 4, 
2022/10/2, 36, 10, 20, 3, 
2022/10/3, 30, 13, 19, 8, 
2022/10/4, 37, 14, 21, 9, 
2022/10/5, 40, 13, 24, 8, 
2022/10/6, 33, 19, 23, 13, 
2022/10/7, 48, 15, 19, 8, 
2022/10/8, 44, 11, 21, 7, 
2022/10/9, 32, 15, 17, 9, 
2022/10/10, 41, 17, 19, 12, 
2022/10/11, 41, 22, 24, 15, 
2022/10/12, 52, 29, 15, 14, 
2022/10/13, 69, 28, 16, 13, 
2022/10/14, 68, 16, 13, 7, 
2022/10/15, 53, 14, 19, 9, 
2022/10/16, 36, 19, 19, 12, 
2022/10/17, 49, 18, 13, 13, 
2022/10/18, 53, 10, 21, 7, 
2022/10/19, 26, 12, 20, 7, 
2022/10/20, 36, 20, 10, 10, 
2022/10/21, 56, 19, 11, 10, 
2022/10/22, 56, 15, 19, 7, 
2022/10/23, 45, 15, 16, 7, 
2022/10/24, 42, 15, 20, 11, 
2022/10/25, 41, 18, 18, 13, 
2022/10/26, 50, 18, 20, 13, 
2022/10/27, 50, 22, 12, 11, 
2022/10/28, 54, 29, 17, 11, 
2022/10/29, 67, 38, 15, 13, 
2022/10/30, 83, 39, 7, 13, 
2022/10/31, 89, 29, 8, 10, 
2022/11/1, 75, 15, 20, 10, 
2022/11/2, 39, 15, 11, 11, 
2022/11/3, 43, 17, 10, 11, 
2022/11/4, 56, 19, 19, 10, 
2022/11/5, 53, 13, 18, 6, 
2022/11/6, 48, 13, 16, 8, 
2022/11/7, 41, 12, 17, 9, 
2022/11/8, 35, 11, 11, 11, 
2022/11/9, 36, 13, 19, 9, 
2022/11/10, 37, 15, 11, 12, 
2022/11/11, 44, 22, 10, 18, 
2022/11/12, 61, 20, 19, 4, 
2022/11/13, 64, 31, 12, 7, 
2022/11/14, 83, 29, 5, 11, 
2022/11/15, 78, 24, 8, 6, 
2022/11/16, 68, 17, 8, 3, 
2022/11/17, 56, 20, 14, 8, 
2022/11/18, 64, 16, 10, 13, 
2022/11/19, 54, 18, 9, 10, 
2022/11/20, 60, 21, 8, 13, 
2022/11/21, 68, 21, 12, 8, 
2022/11/22, 70, 25, 2, 11, 
2022/11/23, 74, 36, 1, 12, 
2022/11/24, 91, 30, 2, 11, 
2022/11/25, 82, 22, 12, 11, 
2022/11/26, 63, 19, 10, 9, 
2022/11/27, 60, 22, 8, 7, 
2022/11/28, 69, 31, 4, 9, 
2022/11/29, 87, 37, 8, 8, 
2022/11/30, 100, 33, 7, 7, 
2022/12/1, 94, 26, 11, 6, 
2022/12/2, 77, 35, 8, 5, 
2022/12/3, 95, 38, 2, 6, 
2022/12/4, 107, 27, 3, 7, 
2022/12/5, 79, 12, 4, 7, 
2022/12/6, 45, 11, 16, 8, 
2022/12/7, 39, 15, 14, 13, 
2022/12/8, 51, 19, 15, 15, 
2022/12/9, 60, 19, 13, 8, 
2022/12/10, 64, 18, 17, 8, 
2022/12/11, 61, 13, 14, 7, 
2022/12/12, 50, 20, 12, 11, 
2022/12/13, 64, 30, 5, 16, 
2022/12/14, 84, 41, 2, 17, 
2022/12/15, 109, 44, 2, 17, 
2022/12/16, 114, 29, 9, 12, 
2022/12/17, 85, 23, 12, 9, 
2022/12/18, 73, 21, 12, 11, 
2022/12/19, 68, 17, 9, 11, 
2022/12/20, 60, 22, 7, 13, 
2022/12/21, 69, 16, 8, 13, 
2022/12/22, 56, 15, 14, 13, 
2022/12/23, 55, 14, 15, 8, 
2022/12/24, 49, 14, 10, 10, 
2022/12/25, 48, 9, 26, 5, 
2022/12/26, 30, 11, 23, 7, 
2022/12/27, 34, 9, 18, 6, 
2022/12/28, 34, 8, 20, 6, 
2022/12/29, 28, 9, 21, 7, 
2022/12/30, 31, 11, 19, 4, 
2022/12/31, 33, 25, 20, 7, 
2023/1/1, 61, 13, 24, 6, 
2022/7/1, 50, 14, 43, 4, 
2022/7/2, 38, 12, 47, 3, 
2022/7/3, 34, 15, 36, 4, 
2022/7/4, 32, 17, 37, 7, 
2022/7/5, 29, 15, 28, 3, 
2022/7/6, 22, 10, 22, 5, 
2022/7/7, 29, 14, 23, 3, 
2022/7/8, 37, 11, 22, 3, 
2022/7/9, 32, 11, 27, 2, 
2022/7/10, 24, 13, 26, 5, 
2022/7/11, 27, 12, 30, 8, 
2022/7/12, 26, 16, 45, 10, 
2022/7/13, 26, 14, 31, 3, 
2022/7/14, 26, 15, 27, 3, 
2022/7/15, 24, 10, 28, 2, 
2022/7/16, 19, 13, 29, 4, 
2022/7/17, 29, 19, 39, 12, 
2022/7/18, 36, 30, 69, 14, 
2022/7/19, 42, 30, 70, 8, 
2022/7/20, 44, 26, 48, 5, 
2022/7/21, 55, 13, 33, 4, 
2022/7/22, 39, 14, 32, 4, 
2022/7/23, 39, 9, 44, 4, 
2022/7/24, 22, 17, 62, 7, 
2022/7/25, 36, 13, 28, 4, 
2022/7/26, 34, 12, 28, 3, 
2022/7/27, 25, 15, 40, 5, 
2022/7/28, 29, 19, 49, 3, 
2022/7/29, 33, 18, 36, 2, 
2022/7/30, 28, 19, 47, 7, 
2022/7/31, 44, 12, 31, 4, 
2022/8/1, 31, 17, 40, 4, 
2022/8/2, 33, 21, 53, 10, 
2022/8/3, 38, 27, 65, 16, 
2022/8/4, 45, 18, 46, 6, 
2022/8/5, 37, 10, 28, 2, 
2022/8/6, 19, 13, 38, 3, 
2022/8/7, 26, 17, 41, 5, 
2022/8/8, 31, 18, 37, 3, 
2022/8/9, 29, 22, 43, 4, 
2022/8/10, 31, 22, 46, 4, 
2022/8/11, 31, 24, 38, 4, 
2022/8/12, 32, 26, 39, 6, 
2022/8/13, 49, 21, 45, 3, 
2022/8/14, 47, 21, 46, 4, 
2022/8/15, 52, 22, 55, 11, 
2022/8/16, 58, 23, 65, 15, 
2022/8/17, 54, 28, 77, 9, 
2022/8/18, 54, 18, 33, 5, 
2022/8/19, 56, 17, 28, 5, 
2022/8/20, 56, 12, 30, 5, 
2022/8/21, 33, 14, 34, 7, 
2022/8/22, 34, 14, 31, 4, 
2022/8/23, 37, 19, 33, 5, 
2022/8/24, 50, 29, 37, 5, 
2022/8/25, 59, 32, 39, 8, 
2022/8/26, 65, 16, 31, 4, 
2022/8/27, 48, 17, 24, 3, 
2022/8/28, 48, 15, 25, 6, 
2022/8/29, 40, 10, 24, 5, 
2022/8/30, 28, 8, 27, 4, 
2022/8/31, 17, 10, 25, 4, 
2022/9/1, 17, 12, 29, 4, 
2022/9/2, 21, 13, 33, 4, 
2022/9/3, 24, 11, 34, 2, 
2022/9/4, 26, 20, 33, 3, 
2022/9/5, 45, 22, 34, 4, 
2022/9/6, 34, 23, 41, 5, 
2022/9/7, 44, 23, 27, 8, 
2022/9/8, 52, 11, 28, 6, 
2022/9/9, 30, 10, 28, 6, 
2022/9/10, 29, 17, 26, 6, 
2022/9/11, 54, 12, 31, 10, 
2022/9/12, 34, 14, 23, 10, 
2022/9/13, 46, 14, 27, 8, 
2022/9/14, 35, 12, 23, 7, 
2022/9/15, 30, 11, 26, 4, 
2022/9/16, 22, 9, 24, 2, 
2022/9/17, 24, 8, 22, 3, 
2022/9/18, 22, 8, 15, 7, 
2022/9/19, 24, 8, 18, 8, 
2022/9/20, 24, 10, 19, 10, 
2022/9/21, 29, 10, 26, 10, 
2022/9/22, 29, 16, 30, 12, 
2022/9/23, 46, 19, 18, 10, 
2022/9/24, 59, 18, 29, 6, 
2022/9/25, 58, 11, 25, 7, 
2022/9/26, 32, 9, 19, 6, 
2022/9/27, 29, 10, 18, 7, 
2022/9/28, 32, 14, 18, 11, 
2022/9/29, 46, 20, 25, 12, 
2022/9/30, 57, 14, 18, 7, 
2022/4/1, 38, 25, 33, 3, 
2022/4/2, 24, 9, 33, 3, 
2022/4/3, 29, 10, 34, 6, 
2022/4/4, 48, 8, 28, 6, 
2022/4/5, 28, 12, 26, 6, 
2022/4/6, 42, 8, 31, 4, 
2022/4/7, 23, 7, 30, 5, 
2022/4/8, 22, 7, 33, 5, 
2022/4/9, 24, 7, 32, 4, 
2022/4/10, 23, 10, 35, 10, 
2022/4/11, 30, 14, 41, 8, 
2022/4/12, 44, 21, 42, 14, 
2022/4/13, 56, 17, 30, 12, 
2022/4/14, 53, 11, 33, 5, 
2022/4/15, 44, 6, 36, 3, 
2022/4/16, 21, 9, 37, 7, 
2022/4/17, 33, 11, 38, 4, 
2022/4/18, 39, 10, 36, 4, 
2022/4/19, 27, 12, 35, 5, 
2022/4/20, 33, 17, 27, 7, 
2022/4/21, 51, 21, 25, 7, 
2022/4/22, 59, 19, 40, 4, 
2022/4/23, 57, 17, 38, 2, 
2022/4/24, 47, 17, 33, 3, 
2022/4/25, 48, 19, 39, 6, 
2022/4/26, 41, 19, 39, 6, 
2022/4/27, 41, 24, 38, 8, 
2022/4/28, 52, 30, 35, 12, 
2022/4/29, 52, 24, 38, 9, 
2022/4/30, 49, 22, 33, 6, 
2022/5/1, 45, 24, 38, 8, 
2022/5/2, 49, 23, 35, 9, 
2022/5/3, 42, 25, 37, 8, 
2022/5/4, 49, 24, 35, 6, 
2022/5/5, 53, 23, 33, 10, 
2022/5/6, 47, 22, 38, 9, 
2022/5/7, 45, 14, 38, 2, 
2022/5/8, 34, 20, 41, 3, 
2022/5/9, 42, 26, 45, 7, 
2022/5/10, 45, 29, 44, 6, 
2022/5/11, 54, 14, 31, 5, 
2022/5/12, 33, 21, 32, 8, 
2022/5/13, 44, 21, 36, 5, 
2022/5/14, 47, 13, 39, 5, 
2022/5/15, 28, 21, 43, 3, 
2022/5/16, 31, 18, 35, 9, 
2022/5/17, 45, 21, 48, 5, 
2022/5/18, 39, 22, 49, 8, 
2022/5/19, 46, 20, 41, 5, 
2022/5/20, 44, 13, 35, 3, 
2022/5/21, 33, 10, 31, 3, 
2022/5/22, 27, 13, 40, 4, 
2022/5/23, 31, 13, 34, 7, 
2022/5/24, 33, 12, 35, 8, 
2022/5/25, 31, 14, 32, 4, 
2022/5/26, 31, 15, 31, 3, 
2022/5/27, 35, 9, 31, 2, 
2022/5/28, 22, 9, 27, 3, 
2022/5/29, 26, 12, 29, 5, 
2022/5/30, 30, 13, 37, 7, 
2022/5/31, 30, 12, 37, 6, 
2022/6/1, 37, 11, 34, 5, 
2022/6/2, 33, 15, 50, 10, 
2022/6/3, 38, 13, 41, 3, 
2022/6/4, 35, 15, 50, 2, 
2022/6/5, 47, 16, 38, 5, 
2022/6/6, 49, 12, 36, 8, 
2022/6/7, 33, 13, 34, 8, 
2022/6/8, 30, 16, 26, 8, 
2022/6/9, 39, 16, 36, 6, 
2022/6/10, 35, 18, 34, 9, 
2022/6/11, 38, 17, 40, 5, 
2022/6/12, 45, 15, 32, 3, 
2022/6/13, 29, 15, 32, 5, 
2022/6/14, 29, 22, 54, 10, 
2022/6/15, 40, 18, 38, 4, 
2022/6/16, 35, 18, 35, 6, 
2022/6/17, 29, 25, 63, 5, 
2022/6/18, 42, 33, 49, 2, 
2022/6/19, 54, 11, 27, 4, 
2022/6/20, 37, 12, 31, 5, 
2022/6/21, 29, 17, 45, 11, 
2022/6/22, 35, 16, 48, 4, 
2022/6/23, 33, 22, 58, 5, 
2022/6/24, 41, 24, 53, 6, 
2022/6/25, 67, 23, 49, 7, 
2022/6/26, 61, 23, 58, 6, 
2022/6/27, 51, 11, 39, 3, 
2022/6/28, 29, 13, 38, 3, 
2022/6/29, 25, 18, 53, 4, 
2022/6/30, 44, 19, 31, 5, 
2022/2/21, 21, 6, 31, 4, 
2022/2/22, 28, 9, 26, 6, 
2022/2/23, 34, 11, 30, 8, 
2022/2/24, 35, 11, 32, 10, 
2022/2/25, 25, 8, 27, 6, 
2022/2/26, 35, 10, 26, 8, 
2022/2/27, 64, 19, 16, 7, 
2022/2/28, 58, 17, 23, 7, 
2022/3/1, 61, 20, 27, 16, 
2022/3/2, 85, 32, 26, 20, 
2022/3/3, 79, 27, 20, 17, 
2022/3/4, 49, 14, 24, 10, 
2022/3/5, 55, 16, 26, 10, 
2022/3/6, 51, 14, 29, 6, 
2022/3/7, 45, 13, 28, 10, 
2022/3/8, 50, 15, 30, 21, 
2022/3/9, 70, 24, 30, 21, 
2022/3/10, 68, 24, 28, 7, 
2022/3/11, 57, 25, 31, 7, 
2022/3/12, 63, 22, 32, 7, 
2022/3/13, 64, 21, 35, 6, 
2022/3/14, 73, 28, 32, 9, 
2022/3/15, 66, 21, 25, 12, 
2022/3/16, 67, 22, 18, 8, 
2022/3/17, 110, 43, 24, 12, 
2022/3/18, 37, 14, 31, 8, 
2022/3/19, 57, 20, 35, 4, 
2022/3/20, 84, 32, 42, 5, 
2022/3/21, 70, 30, 36, 9, 
2022/3/22, 71, 33, 39, 18, 
2022/3/23, 85, 38, 42, 16, 
2022/3/24, 78, 33, 39, 12, 
2022/3/25, 85, 37, 40, 20, 
2022/3/26, 69, 25, 30, 10, 
2022/3/27, 58, 18, 34, 12, 
2022/3/28, 42, 14, 26, 10, 
2022/3/29, 54, 19, 35, 6, 
2022/3/30, 33, 16, 30, 7, 
2022/3/31, 45, 27, 33, 2, 
2024/12/31, , 20, 26, 3, 
2022/1/3, , 7, 24, 6, 
2022/1/4, , 7, 21, 11, 
2022/1/5, , 6, 19, 7, 
2022/1/6, , 9, 19, 11, 
2022/1/7, , 13, 12, 10, 
2022/1/8, , 15, 14, 9, 
2022/1/9, , 11, 19, 7, 
2022/1/10, , 24, 12, 12, 
2022/1/11, , 31, 13, 10, 
2022/1/12, , 20, 13, 11, 
2022/1/13, , 17, 14, 9, 
2022/1/14, , 15, 22, 8, 
2022/1/15, , 12, 17, 10, 
2022/1/16, , 17, 15, 7, 
2022/1/17, , 10, 19, 6, 
2022/1/18, , 9, 12, 14, 
2022/1/19, , 15, 16, 7, 
2022/1/20, , 7, 19, 5, 
2022/1/21, , 7, 14, 8, 
2022/1/22, , 12, 13, 11, 
2022/1/23, , 9, 13, 7, 
2022/1/24, , 11, 11, 9, 
2022/1/25, , 14, 12, 9, 
2022/1/26, , 14, 9, 8, 
2022/1/27, , 13, 28, 6, 
2022/1/28, , 9, 27, 5, 
2022/1/29, , 9, 30, 5, 
2022/1/30, , 10, 29, 2, 
2022/1/31, , 14, 25, 9, 
2022/2/1, , 10, 28, 7, 
2022/2/2, , 8, 27, 5, 
2022/2/3, , 12, 17, 11, 
2022/2/4, , 11, 20, 7, 
2022/2/5, , 7, 27, 5, 
2022/2/6, , 5, 26, 3, 
2022/2/7, , 7, 29, 6, 
2022/2/8, , 10, 19, 8, 
2022/2/9, , 9, 20, 7, 
2022/2/10, , 11, 19, 9, 
2022/2/11, , 9, 22, 8, 
2022/2/12, , 10, 24, 10, 
2022/2/13, , 15, 20, 7, 
2022/2/14, , 14, 24, 9, 
2022/2/15, , 13, 20, 11, 
2022/2/16, , 6, 20, 5, 
2022/2/17, , 6, 30, 3, 
2022/2/18, , 8, 32, 6, 
2022/2/19, , 8, 31, 4, 
2022/2/20, , 6, 25, 4, 
2021/10/1, , 10, 25, 8, 
2021/10/2, , 12, 28, 4, 
2021/10/3, , 19, 19, 10, 
2021/10/4, , 10, 11, 9, 
2021/10/5, , 13, 22, 9, 
2021/10/6, , 10, 20, 14, 
2021/10/7, , 14, 26, 7, 
2021/10/8, , 29, 29, 5, 
2021/10/9, , 23, 28, 9, 
2021/10/10, , 24, 16, 13, 
2021/10/11, , 20, 23, 6, 
2021/10/12, , 7, 17, 9, 
2021/10/13, , 8, 11, 8, 
2021/10/14, , 9, 16, 8, 
2021/10/15, , 11, 20, 9, 
2021/10/16, , 9, 19, 9, 
2021/10/17, , 11, 18, 14, 
2021/10/18, , 13, 14, 9, 
2021/10/19, , 17, 22, 6, 
2021/10/20, , 12, 28, 3, 
2021/10/21, , 12, 23, 5, 
2021/10/22, , 7, 23, 9, 
2021/10/23, , 11, 23, 11, 
2021/10/24, , 13, 13, 14, 
2021/10/25, , 17, 11, 15, 
2021/10/26, , 18, 16, 9, 
2021/10/27, , 11, 14, 11, 
2021/10/28, , 15, 14, 14, 
2021/10/29, , 29, 26, 12, 
2021/10/30, , 34, 24, 7, 
2021/10/31, , 23, 19, 11, 
2021/11/1, , 19, 13, 12, 
2021/11/2, , 16, 10, 12, 
2021/11/3, , 14, 23, 7, 
2021/11/4, , 17, 22, 7, 
2021/11/5, , 9, 17, 5, 
2021/11/6, , 11, 20, 4, 
2021/11/7, , 9, 18, 8, 
2021/11/8, , 7, 12, 12, 
2021/11/9, , 12, 8, 14, 
2021/11/10, , 19, 5, 15, 
2021/11/11, , 18, 10, 10, 
2021/11/12, , 16, 3, 10, 
2021/11/13, , 24, 13, 7, 
2021/11/14, , 31, 14, 6, 
2021/11/15, , 25, 9, 9, 
2021/11/16, , 28, 8, 10, 
2021/11/17, , 13, 14, 9, 
2021/11/18, , 11, 18, 6, 
2021/11/19, , 11, 20, 5, 
2021/11/20, , 11, 16, 8, 
2021/11/21, , 12, 15, 10, 
2021/11/22, , 6, 13, 12, 
2021/11/23, , 11, 15, 10, 
2021/11/24, , 11, 18, 9, 
2021/11/25, , 20, 14, 9, 
2021/11/26, , 14, 8, 11, 
2021/11/27, , 17, 9, 10, 
2021/11/28, , 19, 8, 10, 
2021/11/29, , 15, 22, 6, 
2021/11/30, , 8, 26, 8, 
2021/12/1, , 6, 25, 8, 
2021/12/2, , 5, 17, 9, 
2021/12/3, , 9, 15, 8, 
2021/12/4, , 13, 10, 7, 
2021/12/5, , 26, 9, 11, 
2021/12/6, , 23, 7, 9, 
2021/12/7, , 23, 7, 9, 
2021/12/8, , 24, 9, 9, 
2021/12/9, , 30, 1, 12, 
2021/12/10, , 31, 4, 13, 
2021/12/11, , 20, 6, 10, 
2021/12/12, , 22, 3, 14, 
2021/12/13, , 13, 4, 14, 
2021/12/14, , 14, 7, 11, 
2021/12/15, , 14, 15, 10, 
2021/12/16, , 11, 17, 6, 
2021/12/17, , 10, 17, 6, 
2021/12/18, , 7, 23, 4, 
2021/12/19, , 6, 19, 10, 
2021/12/20, , 7, 15, 12, 
2021/12/21, , 13, 16, 12, 
2021/12/22, , 18, 3, 13, 
2021/12/23, , 23, 26, 10, 
2021/12/24, , 11, 21, 15, 
2021/12/25, , 10, 17, 14, 
2021/12/26, , 21, 13, 11, 
2021/12/27, , 34, 6, 13, 
2021/12/28, , 35, 3, 15, 
2021/12/29, , 17, 13, 10, 
2021/12/30, , 12, 15, 4, 
2021/12/31, , 8, 16, 6, 
2022/1/1, , 17, 20, 5, 
2022/1/2, , 10, , , 
2021/7/1, , 11, 29, 4, 
2021/7/2, , 18, 36, 4, 
2021/7/3, , 18, 46, 3, 
2021/7/4, , 16, 27, 6, 
2021/7/5, , 17, 31, 7, 
2021/7/6, , 10, 27, 6, 
2021/7/7, , 9, 25, 6, 
2021/7/8, , 15, 23, 4, 
2021/7/9, , 12, 33, 4, 
2021/7/10, , 13, 39, 3, 
2021/7/11, , 15, 40, 4, 
2021/7/12, , 17, 46, 5, 
2021/7/13, , 18, 33, 3, 
2021/7/14, , 19, 35, 7, 
2021/7/15, , 13, 42, 8, 
2021/7/16, , 19, 30, 3, 
2021/7/17, , 18, 22, 2, 
2021/7/18, , 13, 20, 2, 
2021/7/19, , 17, 23, 4, 
2021/7/20, , 16, 27, 4, 
2021/7/21, , 16, 31, 5, 
2021/7/22, , 19, 39, 7, 
2021/7/23, , 24, 53, 4, 
2021/7/24, , 20, 58, 3, 
2021/7/25, , 23, 44, 6, 
2021/7/26, , 23, 40, 5, 
2021/7/27, , 14, 37, 6, 
2021/7/28, , 15, 30, 4, 
2021/7/29, , 15, 32, 6, 
2021/7/30, , 19, 31, 5, 
2021/7/31, , 17, 32, 3, 
2021/8/1, , 11, 28, 4, 
2021/8/2, , 10, 34, 6, 
2021/8/3, , 10, 37, 4, 
2021/8/4, , 11, 38, 5, 
2021/8/5, , 14, 42, 7, 
2021/8/6, , 16, 27, 4, 
2021/8/7, , 9, 26, 3, 
2021/8/8, , 9, 27, 6, 
2021/8/9, , 9, 27, 7, 
2021/8/10, , 12, 28, 7, 
2021/8/11, , 9, 41, 13, 
2021/8/12, , 15, 45, 14, 
2021/8/13, , 23, 39, 4, 
2021/8/14, , 18, 37, 6, 
2021/8/15, , 17, 32, 6, 
2021/8/16, , 17, 28, 4, 
2021/8/17, , 12, 24, 4, 
2021/8/18, , 11, 26, 4, 
2021/8/19, , 14, 26, 5, 
2021/8/20, , 13, 33, 5, 
2021/8/21, , 12, 27, 3, 
2021/8/22, , 12, 27, 4, 
2021/8/23, , 12, 32, 3, 
2021/8/24, , 9, 32, 7, 
2021/8/25, , 11, 19, 4, 
2021/8/26, , 10, 15, 4, 
2021/8/27, , 6, 25, 4, 
2021/8/28, , 9, 25, 4, 
2021/8/29, , 8, 22, 5, 
2021/8/30, , 10, 25, 5, 
2021/8/31, , 15, 19, 8, 
2021/9/1, , 18, 22, 7, 
2021/9/2, , 19, 30, 11, 
2021/9/3, , 21, 21, 9, 
2021/9/4, , 22, 33, 4, 
2021/9/5, , 17, 34, 8, 
2021/9/6, , 18, 35, 9, 
2021/9/7, , 21, 44, 12, 
2021/9/8, , 26, 43, 11, 
2021/9/9, , 29, 32, 15, 
2021/9/10, , 24, 23, 8, 
2021/9/11, , 22, 24, 6, 
2021/9/12, , 16, 26, 6, 
2021/9/13, , 11, 34, 7, 
2021/9/14, , 13, 22, 8, 
2021/9/15, , 20, 27, 5, 
2021/9/16, , 13, 22, 4, 
2021/9/17, , 6, 18, 3, 
2021/9/18, , 8, 26, 2, 
2021/9/19, , 9, 25, 7, 
2021/9/20, , 11, 23, 6, 
2021/9/21, , 10, 20, 8, 
2021/9/22, , 14, 29, 9, 
2021/9/23, , 19, 27, 6, 
2021/9/24, , 12, 17, 9, 
2021/9/25, , 19, 32, 7, 
2021/9/26, , 17, 21, 9, 
2021/9/27, , 18, 22, 10, 
2021/9/28, , 13, 20, 8, 
2021/9/29, , 16, 20, 6, 
2021/9/30, , 8, 25, 9, 
2021/4/1, , 36, 31, 3, 
2021/4/2, , 10, 32, 4, 
2021/4/3, , 9, 34, 9, 
2021/4/4, , 14, 29, 3, 
2021/4/5, , 13, 28, 6, 
2021/4/6, , 9, 27, 5, 
2021/4/7, , 9, 28, 5, 
2021/4/8, , 10, 34, 8, 
2021/4/9, , 18, 27, 7, 
2021/4/10, , 17, 36, 5, 
2021/4/11, , 26, 29, 5, 
2021/4/12, , 8, 29, 7, 
2021/4/13, , 10, 32, 6, 
2021/4/14, , 11, 34, 6, 
2021/4/15, , 9, 33, 5, 
2021/4/16, , 9, 29, 4, 
2021/4/17, , 14, 23, 6, 
2021/4/18, , 20, 30, 10, 
2021/4/19, , 23, 37, 9, 
2021/4/20, , 22, 41, 8, 
2021/4/21, , 22, 31, 4, 
2021/4/22, , 17, 34, 4, 
2021/4/23, , 14, 33, 6, 
2021/4/24, , 13, 33, 5, 
2021/4/25, , 9, 33, 6, 
2021/4/26, , 10, 36, 4, 
2021/4/27, , 13, 46, 5, 
2021/4/28, , 27, 34, 10, 
2021/4/29, , 27, 33, 6, 
2021/4/30, , 16, 34, 4, 
2021/5/1, , 20, 30, 6, 
2021/5/2, , 23, 31, 7, 
2021/5/3, , 11, 35, 7, 
2021/5/4, , 19, 32, 3, 
2021/5/5, , 10, 28, 5, 
2021/5/6, , 12, 25, 11, 
2021/5/7, , 9, 37, 6, 
2021/5/8, , 11, 39, 5, 
2021/5/9, , 10, 47, 7, 
2021/5/10, , 16, 57, 5, 
2021/5/11, , 17, 26, 5, 
2021/5/12, , 12, 22, 3, 
2021/5/13, , 8, 29, 3, 
2021/5/14, , 5, 34, 3, 
2021/5/15, , 9, 30, 1, 
2021/5/16, , 7, 32, 4, 
2021/5/17, , 7, 29, 8, 
2021/5/18, , 9, 36, 9, 
2021/5/19, , 10, 34, 6, 
2021/5/20, , 9, 35, 6, 
2021/5/21, , 12, 30, 5, 
2021/5/22, , 9, 30, 4, 
2021/5/23, , 6, 37, 5, 
2021/5/24, , 8, 28, 5, 
2021/5/25, , 7, 29, 4, 
2021/5/26, , 6, 28, 4, 
2021/5/27, , 7, 24, 7, 
2021/5/28, , 8, 28, 4, 
2021/5/29, , 12, 35, 2, 
2021/5/30, , 9, 39, 5, 
2021/5/31, , 11, 35, 13, 
2021/6/1, , 15, 39, 4, 
2021/6/2, , 12, 47, 4, 
2021/6/3, , 18, 41, 5, 
2021/6/4, , 20, 50, 3, 
2021/6/5, , 13, 53, 3, 
2021/6/6, , 16, 42, 5, 
2021/6/7, , 14, 43, 6, 
2021/6/8, , 17, 42, 4, 
2021/6/9, , 10, 51, 8, 
2021/6/10, , 16, 45, 6, 
2021/6/11, , 13, 30, 7, 
2021/6/12, , 13, 28, 2, 
2021/6/13, , 9, 37, 8, 
2021/6/14, , 11, 32, 6, 
2021/6/15, , 12, 45, 2, 
2021/6/16, , 10, 60, 5, 
2021/6/17, , 16, 55, 5, 
2021/6/18, , 17, 73, 7, 
2021/6/19, , 20, 49, 3, 
2021/6/20, , 20, 42, 4, 
2021/6/21, , 14, 27, 5, 
2021/6/22, , 10, 28, 7, 
2021/6/23, , 11, 27, 5, 
2021/6/24, , 14, 36, 6, 
2021/6/25, , 18, 43, 3, 
2021/6/26, , 15, 36, 3, 
2021/6/27, , 12, 46, 5, 
2021/6/28, , 16, 43, 9, 
2021/6/29, , 24, 20, 7, 
2021/6/30, , 18, 16, 5, 
2021/1/4, , 13, 13, 6, 
2021/1/5, , 17, 14, 6, 
2021/1/6, , 7, 6, 7, 
2021/1/7, , 10, 7, 8, 
2021/1/8, , 15, 4, 6, 
2021/1/9, , 13, 11, 6, 
2021/1/10, , 16, 13, 9, 
2021/1/11, , 16, 22, 8, 
2021/1/12, , 12, 22, 5, 
2021/1/13, , 8, 18, 6, 
2021/1/14, , 10, 22, 6, 
2021/1/15, , 11, 21, 5, 
2021/1/16, , 11, 17, 7, 
2021/1/17, , 16, 14, 12, 
2021/1/18, , 27, 15, 8, 
2021/1/19, , 13, 17, 8, 
2021/1/20, , 11, 22, 8, 
2021/1/21, , 8, 26, 9, 
2021/1/22, , 8, 10, 15, 
2021/1/23, , 19, 16, 8, 
2021/1/24, , 15, 15, 9, 
2021/1/25, , 18, 19, 12, 
2021/1/26, , 24, 15, 11, 
2021/1/27, , 20, 17, 8, 
2021/1/28, , 13, 18, 7, 
2021/1/29, , 12, 16, 7, 
2021/1/30, , 14, 15, 14, 
2021/1/31, , 19, 17, 13, 
2021/2/1, , 28, 9, 14, 
2021/2/2, , 30, 6, 15, 
2021/2/3, , 21, 19, 8, 
2021/2/4, , 14, 17, 6, 
2021/2/5, , 20, 26, 4, 
2021/2/6, , 21, 28, 2, 
2021/2/7, , 25, 26, 6, 
2021/2/8, , 20, 22, 8, 
2021/2/9, , 20, 22, 14, 
2021/2/10, , 23, 21, 11, 
2021/2/11, , 11, 27, 9, 
2021/2/12, , 9, 20, 16, 
2021/2/13, , 14, 19, 18, 
2021/2/14, , 25, 22, 21, 
2021/2/15, , 25, 13, 18, 
2021/2/16, , 29, 16, 16, 
2021/2/17, , 21, 21, 15, 
2021/2/18, , 17, 23, 12, 
2021/2/19, , 19, 18, 15, 
2021/2/20, , 22, 22, 9, 
2021/2/21, , 26, 15, 16, 
2021/2/22, , 33, 8, 18, 
2021/2/23, , 42, 16, 15, 
2021/2/24, , 45, 16, 19, 
2021/2/25, , 58, 24, 12, 
2021/2/26, , 23, 26, 6, 
2021/2/27, , 11, 16, 9, 
2021/2/28, , 15, 18, 14, 
2021/3/1, , 21, 3, 24, 
2021/3/2, , 36, 13, 20, 
2021/3/3, , 40, 23, 9, 
2021/3/4, , 31, 25, 9, 
2021/3/5, , 12, 24, 11, 
2021/3/6, , 13, 28, 5, 
2021/3/7, , 13, 31, 6, 
2021/3/8, , 9, 27, 12, 
2021/3/9, , 17, 27, 14, 
2021/3/10, , 26, 26, 8, 
2021/3/11, , 19, 26, 5, 
2021/3/12, , 9, 28, 5, 
2021/3/13, , 6, 28, 5, 
2021/3/14, , 7, 23, 8, 
2021/3/15, , 9, 22, 7, 
2021/3/16, , 10, 19, 13, 
2021/3/17, , 14, 23, 13, 
2021/3/18, , 14, 26, 6, 
2021/3/19, , 13, 25, 5, 
2021/3/20, , 8, 28, 5, 
2021/3/21, , 9, 31, 11, 
2021/3/22, , 11, 23, 9, 
2021/3/23, , 13, 28, 16, 
2021/3/24, , 36, 33, 22, 
2021/3/25, , 47, 30, 25, 
2021/3/26, , 51, 29, 9, 
2021/3/27, , 21, 30, 5, 
2021/3/28, , 11, 31, 10, 
2021/3/29, , 14, 36, 18, 
2021/3/30, , 26, 41, 27, 
2021/3/31, , 38, 32, 21, 
2020/10/1, , 24, 15, 5, 
2020/10/2, , 31, 28, 5, 
2020/10/3, , 23, 25, 7, 
2020/10/4, , 10, 11, 11, 
2020/10/5, , 13, 16, 7, 
2020/10/6, , 8, 12, 9, 
2020/10/7, , 9, 16, 7, 
2020/10/8, , 12, 17, 8, 
2020/10/9, , 8, 20, 8, 
2020/10/10, , 13, 18, 9, 
2020/10/11, , 12, 14, 13, 
2020/10/12, , 13, 17, 13, 
2020/10/13, , 17, 19, 5, 
2020/10/14, , 6, 18, 4, 
2020/10/15, , 6, 18, 6, 
2020/10/16, , 8, 17, 7, 
2020/10/17, , 12, 14, 7, 
2020/10/18, , 15, 14, 13, 
2020/10/19, , 13, 11, 12, 
2020/10/20, , 22, 7, 11, 
2020/10/21, , 23, 16, 10, 
2020/10/22, , 28, 13, 13, 
2020/10/23, , 22, 18, 8, 
2020/10/24, , 15, 20, 6, 
2020/10/25, , 13, 5, 11, 
2020/10/26, , 20, 15, 8, 
2020/10/27, , 12, 12, 9, 
2020/10/28, , 12, 17, 8, 
2020/10/29, , 11, 11, 10, 
2020/10/30, , 10, 10, 8, 
2020/10/31, , 11, 10, 6, 
2020/11/1, , 16, 10, 6, 
2020/11/2, , 9, 23, 9, 
2020/11/3, , 15, 19, 10, 
2020/11/4, , 12, 15, 12, 
2020/11/5, , 16, 11, 9, 
2020/11/6, , 20, 12, 9, 
2020/11/7, , 23, 4, 9, 
2020/11/8, , 34, 9, 5, 
2020/11/9, , 36, 6, 10, 
2020/11/10, , 25, 6, 9, 
2020/11/11, , 24, 8, 10, 
2020/11/12, , 23, 5, 14, 
2020/11/13, , 23, 5, 11, 
2020/11/14, , 22, 12, 7, 
2020/11/15, , 17, 14, 10, 
2020/11/16, , 15, 11, 9, 
2020/11/17, , 10, 14, 9, 
2020/11/18, , 13, 21, 8, 
2020/11/19, , 11, 21, 12, 
2020/11/20, , 11, 21, 9, 
2020/11/21, , 15, 18, 6, 
2020/11/22, , 10, 14, 10, 
2020/11/23, , 12, 5, 14, 
2020/11/24, , 20, 5, 11, 
2020/11/25, , 23, , 13, 
2020/11/26, , 25, 18, 11, 
2020/11/27, , 20, 18, 8, 
2020/11/28, , 13, 10, 11, 
2020/11/29, , 13, 11, 12, 
2020/11/30, , 15, 5, 10, 
2020/12/1, , 25, 2, 11, 
2020/12/2, , 39, 6, 13, 
2020/12/3, , 41, 5, 12, 
2020/12/4, , 25, 8, 12, 
2020/12/5, , 29, 17, 6, 
2020/12/6, , 21, 15, 9, 
2020/12/7, , 21, 4, 8, 
2020/12/8, , 35, 5, 8, 
2020/12/9, , 37, 7, 5, 
2020/12/10, , 32, 6, 9, 
2020/12/11, , 25, 6, 8, 
2020/12/12, , 34, 1, 6, 
2020/12/13, , 35, 3, 9, 
2020/12/14, , 23, 2, 12, 
2020/12/15, , 22, 1, 11, 
2020/12/16, , 21, 3, 10, 
2020/12/17, , 19, 3, 12, 
2020/12/18, , 19, 5, 10, 
2020/12/19, , 18, 5, 8, 
2020/12/20, , 18, 4, 9, 
2020/12/21, , 16, 17, 6, 
2020/12/22, , 9, 23, 8, 
2020/12/23, , 13, 19, 4, 
2020/12/24, , 8, 18, 5, 
2020/12/25, , 7, 15, 6, 
2020/12/26, , 13, 21, 3, 
2020/12/27, , 10, 12, 7, 
2020/12/28, , 15, 10, 9, 
2020/12/29, , 19, 10, 9, 
2020/12/30, , 13, 11, 9, 
2020/12/31, , 16, 9, 9, 
2021/1/1, , 32, 9, 8, 
2021/1/2, , 19, 12, 5, 
2021/1/3, , 12, 9, 5, 
2020/7/1, , 11, 29, 5, 
2020/7/2, , 13, 32, 5, 
2020/7/3, , 13, 33, 5, 
2020/7/4, , 16, 23, 2, 
2020/7/5, , 11, 24, 4, 
2020/7/6, , 13, 28, 4, 
2020/7/7, , 12, 24, 5, 
2020/7/8, , 11, 17, 7, 
2020/7/9, , 15, 23, 6, 
2020/7/10, , 12, 25, 3, 
2020/7/11, , 8, 27, 3, 
2020/7/12, , 8, 32, 8, 
2020/7/13, , 11, 41, 9, 
2020/7/14, , 16, 33, 6, 
2020/7/15, , 15, 23, 5, 
2020/7/16, , 12, 19, 9, 
2020/7/17, , 15, 40, 9, 
2020/7/18, , 21, 47, 10, 
2020/7/19, , 25, 31, 6, 
2020/7/20, , 18, 26, 5, 
2020/7/21, , 12, 30, 4, 
2020/7/22, , 11, 30, 6, 
2020/7/23, , 11, 44, 8, 
2020/7/24, , 18, 35, 5, 
2020/7/25, , 13, 26, 6, 
2020/7/26, , 16, 33, 9, 
2020/7/27, , 13, 30, 7, 
2020/7/28, , 14, 31, 5, 
2020/7/29, , 13, 29, 5, 
2020/7/30, , 14, 35, 6, 
2020/7/31, , 15, 40, 3, 
2020/8/1, , 17, 26, 6, 
2020/8/2, , 16, 25, 4, 
2020/8/3, , 14, 25, 5, 
2020/8/4, , 13, 42, 8, 
2020/8/5, , 15, 45, 9, 
2020/8/6, , 17, 53, 9, 
2020/8/7, , 24, 73, 12, 
2020/8/8, , 37, 67, 7, 
2020/8/9, , 33, 48, 6, 
2020/8/10, , 23, 42, 4, 
2020/8/11, , 23, 44, 4, 
2020/8/12, , 23, 58, 10, 
2020/8/13, , 32, 49, 8, 
2020/8/14, , 23, 66, 7, 
2020/8/15, , 25, 44, 3, 
2020/8/16, , 21, 51, 5, 
2020/8/17, , 24, 37, 7, 
2020/8/18, , 15, 37, 7, 
2020/8/19, , 12, 42, 11, 
2020/8/20, , 18, 49, 13, 
2020/8/21, , 18, 30, 8, 
2020/8/22, , 17, 31, 5, 
2020/8/23, , 11, 26, 5, 
2020/8/24, , 11, 30, 7, 
2020/8/25, , 13, 21, 6, 
2020/8/26, , 10, 25, 7, 
2020/8/27, , 9, 27, 14, 
2020/8/28, , 13, 28, 9, 
2020/8/29, , 12, 27, 9, 
2020/8/30, , 18, 24, 6, 
2020/8/31, , 11, 24, 7, 
2020/9/1, , 9, 15, 10, 
2020/9/2, , 9, 35, 9, 
2020/9/3, , 12, 22, 8, 
2020/9/4, , 11, 22, 7, 
2020/9/5, , 12, 24, 5, 
2020/9/6, , 10, 22, 10, 
2020/9/7, , 10, 24, 10, 
2020/9/8, , 14, 23, 9, 
2020/9/9, , 15, 23, 8, 
2020/9/10, , 12, 33, 15, 
2020/9/11, , 20, 37, 12, 
2020/9/12, , 19, 29, 9, 
2020/9/13, , 17, 41, 21, 
2020/9/14, , 26, 41, 16, 
2020/9/15, , 32, 49, 17, 
2020/9/16, , 30, 25, 4, 
2020/9/17, , 13, 26, 8, 
2020/9/18, , 13, 32, 8, 
2020/9/19, , 16, 38, 4, 
2020/9/20, , 20, 37, 10, 
2020/9/21, , 24, 40, 20, 
2020/9/22, , 43, 46, 24, 
2020/9/23, , 39, 25, 16, 
2020/9/24, , 31, 13, 17, 
2020/9/25, , 14, 16, 9, 
2020/9/26, , 11, 16, 7, 
2020/9/27, , 8, 24, 8, 
2020/9/28, , 9, 19, 15, 
2020/9/29, , 13, 27, 17, 
2020/9/30, , 20, 17, 10, 
2020/4/1, , 11, 32, 6, 
2020/4/2, , 15, 31, 5, 
2020/4/3, , 15, 37, 7, 
2020/4/4, , 13, 39, 6, 
2020/4/5, , 21, 45, 11, 
2020/4/6, , 32, 37, 11, 
2020/4/7, , 28, 47, 10, 
2020/4/8, , 25, 36, 14, 
2020/4/9, , 26, 35, 5, 
2020/4/10, , 12, 39, 6, 
2020/4/11, , 21, 43, 8, 
2020/4/12, , 23, 27, 5, 
2020/4/13, , 14, 33, 4, 
2020/4/14, , 13, 35, 5, 
2020/4/15, , 17, 37, 9, 
2020/4/16, , 22, 40, 5, 
2020/4/17, , 18, 39, 3, 
2020/4/18, , 14, 33, 1, 
2020/4/19, , 10, 37, 3, 
2020/4/20, , 12, 38, 3, 
2020/4/21, , 20, 40, 4, 
2020/4/22, , 19, 44, 7, 
2020/4/23, , 25, 47, 15, 
2020/4/24, , 32, 37, 2, 
2020/4/25, , 13, 40, 6, 
2020/4/26, , 13, 45, 16, 
2020/4/27, , 27, 57, 13, 
2020/4/28, , 30, 28, 7, 
2020/4/29, , 15, 26, 7, 
2020/4/30, , 10, 31, 3, 
2020/5/1, , 6, 28, 5, 
2020/5/2, , 10, 29, 5, 
2020/5/3, , 11, 22, 16, 
2020/5/4, , 15, 29, 7, 
2020/5/5, , 8, 36, 5, 
2020/5/6, , 9, 31, 8, 
2020/5/7, , 16, 47, 12, 
2020/5/8, , 21, 41, 8, 
2020/5/9, , 14, 51, 5, 
2020/5/10, , 17, 22, 7, 
2020/5/11, , 11, 28, 7, 
2020/5/12, , 10, 34, 9, 
2020/5/13, , 13, 31, 6, 
2020/5/14, , 9, 36, 7, 
2020/5/15, , 11, 34, 4, 
2020/5/16, , 10, 33, 5, 
2020/5/17, , 10, 40, 8, 
2020/5/18, , 14, 30, 8, 
2020/5/19, , 17, 35, 6, 
2020/5/20, , 12, 41, 3, 
2020/5/21, , 10, 42, 4, 
2020/5/22, , 14, 30, 5, 
2020/5/23, , 18, 26, 4, 
2020/5/24, , 12, 19, 5, 
2020/5/25, , 10, 31, 6, 
2020/5/26, , 11, 38, 9, 
2020/5/27, , 14, 30, 3, 
2020/5/28, , 10, 33, 4, 
2020/5/29, , 10, 31, 2, 
2020/5/30, , 9, 32, 1, 
2020/5/31, , 12, 34, 2, 
2020/6/1, , 12, 30, 6, 
2020/6/2, , 13, 36, 5, 
2020/6/3, , 15, 40, 6, 
2020/6/4, , 19, 30, 5, 
2020/6/5, , 12, 32, 3, 
2020/6/6, , 8, 31, 5, 
2020/6/7, , 10, 36, 6, 
2020/6/8, , 11, 35, 6, 
2020/6/9, , 12, 38, 3, 
2020/6/10, , 12, 20, 7, 
2020/6/11, , 23, 37, 4, 
2020/6/12, , 15, 40, 5, 
2020/6/13, , 22, 35, 2, 
2020/6/14, , 17, 36, 3, 
2020/6/15, , 15, 44, 8, 
2020/6/16, , 15, 48, 12, 
2020/6/17, , 18, 42, 5, 
2020/6/18, , 20, 30, 5, 
2020/6/19, , 17, 31, 4, 
2020/6/20, , 12, 31, 3, 
2020/6/21, , 10, 34, 8, 
2020/6/22, , 11, 31, 4, 
2020/6/23, , 11, 33, 5, 
2020/6/24, , 15, 41, 3, 
2020/6/25, , 19, 37, 5, 
2020/6/26, , 23, 56, 4, 
2020/6/27, , 20, 31, 5, 
2020/6/28, , 17, 33, 6, 
2020/6/29, , 11, 31, 6, 
2020/6/30, , 16, 24, 6, 
2020/1/1, , 37, 4, 19, 
2020/1/2, , 24, 11, 10, 
2020/1/3, , 14, 25, 6, 
2020/1/4, , 9, 19, 13, 
2020/1/5, , 15, 15, 12, 
2020/1/6, , 16, 6, 16, 
2020/1/7, , 20, 11, 11, 
2020/1/8, , 13, 5, 11, 
2020/1/9, , 16, 16, 9, 
2020/1/10, , 11, 22, 8, 
2020/1/11, , 10, 17, 6, 
2020/1/12, , 13, 18, 11, 
2020/1/13, , 13, 15, 11, 
2020/1/14, , 13, 16, 11, 
2020/1/15, , 12, 13, 21, 
2020/1/16, , 15, 15, 15, 
2020/1/17, , 26, 17, 12, 
2020/1/18, , 15, 18, 9, 
2020/1/19, , 18, 16, 16, 
2020/1/20, , 17, 11, 17, 
2020/1/21, , 16, 16, 14, 
2020/1/22, , 19, 15, 20, 
2020/1/23, , 17, 5, 17, 
2020/1/24, , 28, 7, 10, 
2020/1/25, , 18, 10, 8, 
2020/1/26, , 20, 12, 13, 
2020/1/27, , 25, 26, 9, 
2020/1/28, , 10, 23, 8, 
2020/1/29, , 9, 20, 9, 
2020/1/30, , 10, 20, 10, 
2020/1/31, , 11, 22, 7, 
2020/2/1, , 7, 25, 8, 
2020/2/2, , 9, 17, 11, 
2020/2/3, , 9, 21, 8, 
2020/2/4, , 9, 18, 9, 
2020/2/5, , 7, 16, 11, 
2020/2/6, , 14, 13, 14, 
2020/2/7, , 18, 16, 10, 
2020/2/8, , 18, 28, 7, 
2020/2/9, , 17, 28, 6, 
2020/2/10, , 7, 27, 6, 
2020/2/11, , 7, 26, 6, 
2020/2/12, , 9, 22, 10, 
2020/2/13, , 11, 10, 16, 
2020/2/14, , 20, 17, 12, 
2020/2/15, , 16, 24, 6, 
2020/2/16, , 9, 34, 5, 
2020/2/17, , 7, 24, 7, 
2020/2/18, , 8, 20, 7, 
2020/2/19, , 8, 20, 10, 
2020/2/20, , 13, 26, 8, 
2020/2/21, , 11, 31, 5, 
2020/2/22, , 10, 30, 6, 
2020/2/23, , 7, 28, 7, 
2020/2/24, , 10, 24, 9, 
2020/2/25, , 8, 23, 13, 
2020/2/26, , 10, 21, 12, 
2020/2/27, , 12, 24, 12, 
2020/2/28, , 13, 26, 7, 
2020/2/29, , 16, 27, 6, 
2020/3/1, , 7, 23, 11, 
2020/3/2, , 11, 18, 13, 
2020/3/3, , 11, 21, 14, 
2020/3/4, , 17, 25, 10, 
2020/3/5, , 16, 22, 12, 
2020/3/6, , 18, 21, 10, 
2020/3/7, , 22, 21, 11, 
2020/3/8, , 19, 15, 15, 
2020/3/9, , 15, 18, 9, 
2020/3/10, , 10, 26, 8, 
2020/3/11, , 9, 30, 6, 
2020/3/12, , 8, 28, 6, 
2020/3/13, , 8, 31, 11, 
2020/3/14, , 13, 31, 6, 
2020/3/15, , 12, 27, 15, 
2020/3/16, , 19, 26, 16, 
2020/3/17, , 23, 30, 14, 
2020/3/18, , 22, 23, 11, 
2020/3/19, , 19, 26, 5, 
2020/3/20, , 14, 29, 3, 
2020/3/21, , 9, 30, 4, 
2020/3/22, , 7, 31, 6, 
2020/3/23, , 14, 35, 8, 
2020/3/24, , 21, 39, 6, 
2020/3/25, , 27, 37, 6, 
2020/3/26, , 32, 40, 8, 
2020/3/27, , 46, 47, 7, 
2020/3/28, , 47, 31, 3, 
2020/3/29, , 14, 25, 9, 
2020/3/30, , 10, 30, 7, 
2020/3/31, , 9, 32, 10, 
2019/10/1, , 9, 19, 9, 
2019/10/2, , 8, 15, 6, 
2019/10/3, , 7, 13, 9, 
2019/10/4, , 9, 18, 5, 
2019/10/5, , 9, 24, 6, 
2019/10/6, , 9, 15, 18, 
2019/10/7, , 12, 12, 12, 
2019/10/8, , 15, 19, 8, 
2019/10/9, , 12, 19, 8, 
2019/10/10, , 10, 16, 8, 
2019/10/11, , 10, 23, 10, 
2019/10/12, , 10, 25, 8, 
2019/10/13, , 15, 23, 10, 
2019/10/14, , 16, 22, 13, 
2019/10/15, , 21, 16, 12, 
2019/10/16, , 28, 16, 11, 
2019/10/17, , 13, 19, 9, 
2019/10/18, , 12, 17, 10, 
2019/10/19, , 9, 16, 12, 
2019/10/20, , 13, 5, 14, 
2019/10/21, , 21, 11, 15, 
2019/10/22, , 26, 14, 12, 
2019/10/23, , 20, 15, 13, 
2019/10/24, , 33, 16, 13, 
2019/10/25, , 35, 20, 7, 
2019/10/26, , 15, 15, 7, 
2019/10/27, , 13, , , 
2019/11/28, , 8, 22, 7, 
2019/11/29, , 8, 12, 17, 
2019/11/30, , 13, 10, 15, 
2019/12/1, , 21, 16, 13, 
2019/12/2, , 14, 14, 16, 
2019/12/3, , 13, 12, 14, 
2019/12/4, , 19, 3, 17, 
2019/12/5, , 26, 10, 15, 
2019/12/6, , 22, 18, 7, 
2019/12/7, , 10, 22, 5, 
2019/12/8, , 8, 24, 10, 
2019/12/9, , 8, 20, 14, 
2019/12/10, , 14, 17, 14, 
2019/12/11, , 14, 9, 15, 
2019/12/12, , 18, 6, 13, 
2019/12/13, , 23, 21, 10, 
2019/12/14, , 11, 26, 7, 
2019/12/15, , 7, 18, 19, 
2019/12/16, , 13, 3, 18, 
2019/12/17, , 20, 19, 18, 
2019/12/18, , 13, 1, 15, 
2019/12/19, , 25, 4, 16, 
2019/12/20, , 26, 11, 16, 
2019/12/21, , 17, 3, 12, 
2019/12/22, , 21, 13, 12, 
2019/12/23, , 13, 16, 9, 
2019/12/24, , 11, 15, 6, 
2019/12/25, , 10, 15, 9, 
2019/12/26, , 10, 13, 9, 
2019/12/27, , 9, 18, 9, 
2019/12/28, , 8, 15, 13, 
2019/12/29, , 14, , , 
2019/7/1, , 19, 30, 4, 
2019/7/2, , 19, 30, 4, 
2019/7/3, , 18, 30, 4, 
2019/7/4, , 16, 25, 4, 
2019/7/5, , 17, 32, 5, 
2019/7/6, , 15, 28, 3, 
2019/7/7, , 14, 24, 5, 
2019/7/8, , 11, 26, 4, 
2019/7/9, , 8, 25, 5, 
2019/7/10, , 11, 40, 10, 
2019/7/11, , 14, 22, 8, 
2019/7/12, , 14, 31, 7, 
2019/7/13, , 15, 29, 3, 
2019/7/14, , 18, 24, 5, 
2019/7/15, , 15, 22, 5, 
2019/7/16, , 13, 31, 6, 
2019/7/17, , 13, 42, 6, 
2019/7/18, , 15, 38, 10, 
2019/7/19, , 17, 39, 9, 
2019/7/20, , 17, 37, 6, 
2019/7/21, , 13, 36, 8, 
2019/7/22, , 13, 31, 9, 
2019/7/23, , 17, 40, 10, 
2019/7/24, , 18, 43, 6, 
2019/7/25, , 20, 37, 3, 
2019/7/26, , 17, 37, 2, 
2019/7/27, , 19, 54, 5, 
2019/7/28, , 17, 60, 10, 
2019/7/29, , 22, 31, 7, 
2019/7/30, , 23, 31, 8, 
2019/7/31, , 21, 32, 8, 
2019/8/1, , 15, 35, 10, 
2019/8/2, , 13, 34, 7, 
2019/8/3, , 15, 33, 6, 
2019/8/4, , 11, 37, 12, 
2019/8/5, , 13, 36, 10, 
2019/8/6, , 17, 32, 7, 
2019/8/7, , 14, 33, 8, 
2019/8/8, , 14, 43, 10, 
2019/8/9, , 15, 32, 6, 
2019/8/10, , 14, 37, 5, 
2019/8/11, , 13, 32, 8, 
2019/8/12, , 15, 32, 6, 
2019/8/13, , 15, 33, 9, 
2019/8/14, , 13, 30, 10, 
2019/8/15, , 19, 26, 9, 
2019/8/16, , 16, 34, 9, 
2019/8/17, , 21, 24, 6, 
2019/8/18, , 13, 30, 10, 
2019/8/19, , 10, 29, 19, 
2019/8/20, , 16, 37, 12, 
2019/8/21, , 16, 49, 13, 
2019/8/22, , 17, 45, 11, 
2019/8/23, , 18, 48, 7, 
2019/8/24, , 21, 47, 4, 
2019/8/25, , 17, 54, 10, 
2019/8/26, , 20, 51, 11, 
2019/8/27, , 27, 53, 11, 
2019/8/28, , 26, 55, 11, 
2019/8/29, , 22, 55, 6, 
2019/8/30, , 21, 65, 7, 
2019/8/31, , 22, 50, 6, 
2019/9/1, , 21, 28, 6, 
2019/9/2, , 16, 28, 13, 
2019/9/3, , 18, 47, 12, 
2019/9/4, , 22, 27, 6, 
2019/9/5, , 24, 29, 9, 
2019/9/6, , 16, 27, 12, 
2019/9/7, , 20, 35, 6, 
2019/9/8, , 15, 23, 8, 
2019/9/9, , 10, 34, 8, 
2019/9/10, , 10, 40, 13, 
2019/9/11, , 14, 23, 10, 
2019/9/12, , 13, 22, 9, 
2019/9/13, , 13, 26, 11, 
2019/9/14, , 13, 28, 12, 
2019/9/15, , 16, 25, 9, 
2019/9/16, , 14, 21, 7, 
2019/9/17, , 14, 25, 6, 
2019/9/18, , 11, 22, 10, 
2019/9/19, , 12, 20, 13, 
2019/9/20, , 14, 29, 16, 
2019/9/21, , 14, 33, 9, 
2019/9/22, , 23, 35, 11, 
2019/9/23, , 19, 18, 12, 
2019/9/24, , 30, 8, 14, 
2019/9/25, , 25, 17, 12, 
2019/9/26, , 15, 10, 12, 
2019/9/27, , 12, 15, 9, 
2019/9/28, , 12, 18, 5, 
2019/9/29, , 9, 22, 6, 
2019/9/30, , 8, 14, 9, 
2019/4/1, , 12, 34, 7, 
2019/4/2, , 15, 42, 11, 
2019/4/3, , 30, 42, 9, 
2019/4/4, , 37, 28, 9, 
2019/4/5, , 34, 48, 7, 
2019/4/6, , 39, 47, 6, 
2019/4/7, , 37, 48, 11, 
2019/4/8, , 34, 40, 6, 
2019/4/9, , 29, 36, 7, 
2019/4/10, , 23, 30, 6, 
2019/4/11, , 19, 27, 7, 
2019/4/12, , 14, 32, 6, 
2019/4/13, , 16, 29, 6, 
2019/4/14, , 18, 40, 7, 
2019/4/15, , 17, 45, 7, 
2019/4/16, , 20, 42, 8, 
2019/4/17, , 26, 51, 9, 
2019/4/18, , 27, 57, 5, 
2019/4/19, , 28, 50, 7, 
2019/4/20, , 22, 49, 4, 
2019/4/21, , 19, 46, 2, 
2019/4/22, , 18, 45, 5, 
2019/4/23, , 28, 37, 5, 
2019/4/24, , 32, 44, 7, 
2019/4/25, , 26, 45, 7, 
2019/4/26, , 21, 33, 5, 
2019/4/27, , 24, 28, 5, 
2019/4/28, , 13, 34, 7, 
2019/4/29, , 12, 43, 9, 
2019/4/30, , 16, 16, 21, 
2019/5/1, , 16, 30, 8, 
2019/5/2, , 18, 34, 7, 
2019/5/3, , 17, 30, 6, 
2019/5/4, , 13, 34, 9, 
2019/5/5, , 10, 31, 8, 
2019/5/6, , 13, 29, 9, 
2019/5/7, , 12, 43, 12, 
2019/5/8, , 15, 36, 7, 
2019/5/9, , 15, 29, 10, 
2019/5/10, , 12, 37, 7, 
2019/5/11, , 14, 34, 4, 
2019/5/12, , 11, 31, 7, 
2019/5/13, , 13, 31, 5, 
2019/5/14, , 13, 32, 6, 
2019/5/15, , 10, 25, 9, 
2019/5/16, , 10, 34, 9, 
2019/5/17, , 16, 43, 8, 
2019/5/18, , 17, 44, 9, 
2019/5/19, , 19, 27, 6, 
2019/5/20, , 18, 38, 8, 
2019/5/21, , 18, 27, 5, 
2019/5/22, , 14, 35, 6, 
2019/5/23, , 12, 50, 10, 
2019/5/24, , 13, 33, 5, 
2019/5/25, , 14, 38, 7, 
2019/5/26, , 12, 27, 8, 
2019/5/27, , 13, 31, 7, 
2019/5/28, , 15, 35, 6, 
2019/5/29, , 13, 41, 5, 
2019/5/30, , 12, 26, 8, 
2019/5/31, , 13, 39, 10, 
2019/6/1, , 16, 46, 7, 
2019/6/2, , 18, 46, 8, 
2019/6/3, , 14, 57, 7, 
2019/6/4, , 15, 59, 6, 
2019/6/5, , 21, 47, 7, 
2019/6/6, , 22, 46, 5, 
2019/6/7, , 15, 35, 5, 
2019/6/8, , 13, 39, 4, 
2019/6/9, , 12, 47, 5, 
2019/6/10, , 12, 50, 7, 
2019/6/11, , 21, 51, 6, 
2019/6/12, , 21, 43, 8, 
2019/6/13, , 15, 55, 7, 
2019/6/14, , 12, 55, 4, 
2019/6/15, , 18, 41, 5, 
2019/6/16, , 15, 54, 9, 
2019/6/17, , 14, 47, 6, 
2019/6/18, , 17, 59, 7, 
2019/6/19, , 20, 42, 9, 
2019/6/20, , 18, 37, 7, 
2019/6/21, , 14, 42, 4, 
2019/6/22, , 14, 45, 2, 
2019/6/23, , 11, 46, 4, 
2019/6/24, , 12, 64, 11, 
2019/6/25, , 16, 79, 11, 
2019/6/26, , 25, 36, 4, 
2019/6/27, , 22, 36, 5, 
2019/6/28, , 18, 48, 9, 
2019/6/29, , 16, 65, 12, 
2019/6/30, , 22, 43, 5, 
2019/1/1, , 21, 22, 6, 
2019/1/2, , 12, 18, 15, 
2019/1/3, , 9, 14, 14, 
2019/1/4, , 13, 20, 7, 
2019/1/5, , 11, 20, 10, 
2019/1/6, , 9, 10, 16, 
2019/1/7, , 13, 21, 9, 
2019/1/8, , 11, 20, 9, 
2019/1/9, , 5, 24, 9, 
2019/1/10, , 5, 13, 15, 
2019/1/11, , 11, 26, 9, 
2019/1/12, , 16, 26, 6, 
2019/1/13, , 8, 28, 7, 
2019/1/14, , 8, 25, 9, 
2019/1/15, , 12, 17, 10, 
2019/1/16, , 15, 18, 11, 
2019/1/17, , 13, 22, 12, 
2019/1/18, , 9, 16, 15, 
2019/1/19, , 15, 14, 12, 
2019/1/20, , 32, 8, 16, 
2019/1/21, , 33, 9, 18, 
2019/1/22, , 37, 15, 11, 
2019/1/23, , 46, 20, 8, 
2019/1/24, , 42, 16, 13, 
2019/1/25, , 34, 7, 17, 
2019/1/26, , 30, 14, 9, 
2019/1/27, , 16, 15, 12, 
2019/1/28, , 11, 14, 15, 
2019/1/29, , 13, 19, 11, 
2019/1/30, , 18, 10, 18, 
2019/1/31, , 25, 8, 15, 
2019/2/1, , 36, 5, 13, 
2019/2/2, , 42, 13, 10, 
2019/2/3, , 34, 14, 16, 
2019/2/4, , 20, 14, 16, 
2019/2/5, , 18, 18, 14, 
2019/2/6, , 19, 13, 18, 
2019/2/7, , 19, 19, 11, 
2019/2/8, , 19, 27, 7, 
2019/2/9, , 12, 22, 8, 
2019/2/10, , 8, 22, 9, 
2019/2/11, , 7, 27, 13, 
2019/2/12, , 10, 10, 14, 
2019/2/13, , 19, 16, 19, 
2019/2/14, , 25, 10, 28, 
2019/2/15, , 25, 18, 22, 
2019/2/16, , 24, 11, 23, 
2019/2/17, , 22, 8, 27, 
2019/2/18, , 30, 21, 16, 
2019/2/19, , 31, 21, 13, 
2019/2/20, , 18, 17, 15, 
2019/2/21, , 21, 28, 7, 
2019/2/22, , 16, 23, 14, 
2019/2/23, , 12, 17, 26, 
2019/2/24, , 19, 16, 25, 
2019/2/25, , 24, 10, 21, 
2019/2/26, , 32, 18, 26, 
2019/2/27, , 43, 17, 16, 
2019/2/28, , 33, 20, 13, 
2019/3/1, , 41, 23, 12, 
2019/3/2, , 24, 23, 6, 
2019/3/3, , 18, 30, 8, 
2019/3/4, , 10, 24, 7, 
2019/3/5, , 10, 24, 12, 
2019/3/6, , 13, 27, 12, 
2019/3/7, , 12, 31, 6, 
2019/3/8, , 8, 30, 7, 
2019/3/9, , 10, 31, 6, 
2019/3/10, , 8, 27, 10, 
2019/3/11, , 8, 28, 9, 
2019/3/12, , 10, 30, 6, 
2019/3/13, , 9, 28, 8, 
2019/3/14, , 7, 31, 7, 
2019/3/15, , 8, 32, 7, 
2019/3/16, , 9, 30, 5, 
2019/3/17, , 9, 28, 7, 
2019/3/18, , 7, 28, 13, 
2019/3/19, , 9, 32, 17, 
2019/3/20, , 14, 20, 16, 
2019/3/21, , 21, 14, 14, 
2019/3/22, , 26, 21, 10, 
2019/3/23, , 29, 31, 8, 
2019/3/24, , 22, 29, 10, 
2019/3/25, , 12, 28, 10, 
2019/3/26, , 9, 24, 10, 
2019/3/27, , 10, 24, 11, 
2019/3/28, , 12, 22, 15, 
2019/3/29, , 14, 33, 13, 
2019/3/30, , 18, 34, 9, 
2019/3/31, , 22, 35, 8, 
2018/10/1, , 27, 18, 9, 
2018/10/2, , 16, 26, 5, 
2018/10/3, , 12, 14, 13, 
2018/10/4, , 14, 26, 15, 
2018/10/5, , 18, 25, 16, 
2018/10/6, , 23, 22, 9, 
2018/10/7, , 22, 19, 17, 
2018/10/8, , 13, 10, 21, 
2018/10/9, , 28, 31, 13, 
2018/10/10, , 39, 36, 13, 
2018/10/11, , 40, 28, 23, 
2018/10/12, , 46, 32, 15, 
2018/10/13, , 47, 37, 11, 
2018/10/14, , 39, 27, 19, 
2018/10/15, , 43, 14, 27, 
2018/10/16, , 55, 11, 30, 
2018/10/17, , 62, 15, 21, 
2018/10/18, , 63, 19, 13, 
2018/10/19, , 36, 24, 17, 
2018/10/20, , 31, 20, 14, 
2018/10/21, , 29, 13, 17, 
2018/10/22, , 24, 22, 8, 
2018/10/23, , 17, 28, 8, 
2018/10/24, , 11, 26, 7, 
2018/10/25, , 11, 17, 11, 
2018/10/26, , 12, 23, 6, 
2018/10/27, , 14, 18, 4, 
2018/10/28, , 8, 18, 4, 
2018/10/29, , 7, 21, 8, 
2018/10/30, , 20, 18, 11, 
2018/10/31, , 16, 5, 17, 
2018/11/1, , 22, 11, 17, 
2018/11/2, , 26, 13, 16, 
2018/11/3, , 23, 8, 6, 
2018/11/4, , 29, 7, 13, 
2018/11/5, , 40, 10, 17, 
2018/11/6, , 38, 7, 17, 
2018/11/7, , 38, 4, 18, 
2018/11/8, , 43, 4, 12, 
2018/11/9, , 29, 8, 11, 
2018/11/10, , 32, 12, 13, 
2018/11/11, , 34, 4, 13, 
2018/11/12, , 23, 15, 15, 
2018/11/13, , 19, 8, 17, 
2018/11/14, , 17, 11, 13, 
2018/11/15, , 27, 15, 10, 
2018/11/16, , 22, 9, 8, 
2018/11/17, , 25, 17, 11, 
2018/11/18, , 35, 14, 5, 
2018/11/19, , 17, 15, 7, 
2018/11/20, , 17, 11, 8, 
2018/11/21, , 28, 14, 8, 
2018/11/22, , 31, 7, 9, 
2018/11/23, , 35, , 10, 
2018/11/24, , 47, 1, 8, 
2018/11/25, , 43, 11, 9, 
2018/11/26, , 36, 10, 18, 
2018/11/27, , 28, 13, 16, 
2018/11/28, , 29, 14, 13, 
2018/11/29, , 31, 13, 10, 
2018/11/30, , 29, 12, 15, 
2018/12/1, , 27, 10, 9, 
2018/12/2, , 28, 9, 18, 
2018/12/3, , 11, 19, 10, 
2018/12/4, , 12, 8, 20, 
2018/12/5, , 16, 8, 15, 
2018/12/6, , 18, 17, 11, 
2018/12/7, , 15, 24, 6, 
2018/12/8, , 9, 26, 5, 
2018/12/9, , 6, 25, 7, 
2018/12/10, , 8, 16, 9, 
2018/12/11, , 9, 8, 12, 
2018/12/12, , 10, 5, 9, 
2018/12/13, , 19, 9, 9, 
2018/12/14, , 21, 13, 6, 
2018/12/15, , 22, 10, 9, 
2018/12/16, , 25, 2, 14, 
2018/12/17, , 27, 3, 17, 
2018/12/18, , 29, 5, 16, 
2018/12/19, , 24, 2, 15, 
2018/12/20, , 26, 15, 12, 
2018/12/21, , 20, 25, 8, 
2018/12/22, , 9, 17, 10, 
2018/12/23, , 11, 12, 7, 
2018/12/24, , 13, 15, 9, 
2018/12/25, , 14, 17, 8, 
2018/12/26, , 14, 11, 8, 
2018/12/27, , 18, 11, 7, 
2018/12/30, , 11, , , 
2018/7/1, , 9, 32, 5, 
2018/7/2, , 10, 41, 10, 
2018/7/3, , 15, 68, 11, 
2018/7/4, , 20, 70, 14, 
2018/7/5, , 26, 35, 5, 
2018/7/6, , 20, 36, 3, 
2018/7/7, , 21, 33, 2, 
2018/7/8, , 21, 27, 5, 
2018/7/9, , 19, 24, 5, 
2018/7/10, , 22, 39, 8, 
2018/7/11, , 17, 19, 7, 
2018/7/12, , 12, 31, 10, 
2018/7/13, , 17, 30, 4, 
2018/7/14, , 19, 32, 4, 
2018/7/15, , 12, 41, 6, 
2018/7/16, , 14, 38, 7, 
2018/7/17, , 18, 43, 5, 
2018/7/18, , 20, 33, 6, 
2018/7/19, , 20, 47, 11, 
2018/7/20, , 21, 46, 5, 
2018/7/21, , 19, 59, 7, 
2018/7/22, , 21, 36, 6, 
2018/7/23, , 22, 33, 8, 
2018/7/24, , 19, 35, 7, 
2018/7/25, , 21, 45, 5, 
2018/7/26, , 21, 41, 5, 
2018/7/27, , 22, 53, 3, 
2018/7/28, , 21, 50, 3, 
2018/7/29, , 18, 53, 5, 
2018/7/30, , 17, 61, 6, 
2018/7/31, , 20, 44, 8, 
2018/8/1, , 25, 48, 4, 
2018/8/2, , 21, 69, 5, 
2018/8/3, , 18, 78, 6, 
2018/8/4, , 20, 31, 2, 
2018/8/5, , 17, 44, 7, 
2018/8/6, , 14, 66, 8, 
2018/8/7, , 20, 73, 11, 
2018/8/8, , 25, 71, 5, 
2018/8/9, , 32, 35, 5, 
2018/8/10, , 22, 39, 6, 
2018/8/11, , 15, 42, 6, 
2018/8/12, , 18, 47, 8, 
2018/8/13, , 21, 27, 6, 
2018/8/14, , 17, 29, 6, 
2018/8/15, , 15, 44, 13, 
2018/8/16, , 22, 60, 9, 
2018/8/17, , 26, 38, 4, 
2018/8/18, , 22, 54, 11, 
2018/8/19, , 21, 23, 14, 
2018/8/20, , 26, 29, 5, 
2018/8/21, , 20, 41, 7, 
2018/8/22, , 26, 53, 15, 
2018/8/23, , 35, 27, 8, 
2018/8/24, , 43, 26, 6, 
2018/8/25, , 28, 28, 5, 
2018/8/26, , 17, 27, 9, 
2018/8/27, , 19, 25, 9, 
2018/8/28, , 24, 46, 8, 
2018/8/29, , 28, 30, 11, 
2018/8/30, , 29, 24, 8, 
2018/8/31, , 20, 34, 11, 
2018/9/1, , 21, 30, 4, 
2018/9/2, , 18, 44, 5, 
2018/9/3, , 21, 39, 6, 
2018/9/4, , 31, 36, 5, 
2018/9/5, , 26, 38, 5, 
2018/9/6, , 27, 34, 12, 
2018/9/7, , 29, 32, 8, 
2018/9/8, , 21, 45, 12, 
2018/9/9, , 23, 35, 19, 
2018/9/10, , 26, 32, 12, 
2018/9/11, , 28, 25, 8, 
2018/9/12, , 26, 20, 6, 
2018/9/13, , 19, 17, 11, 
2018/9/14, , 20, 24, 8, 
2018/9/15, , 24, 31, 11, 
2018/9/16, , 17, 37, 23, 
2018/9/17, , 26, 51, 24, 
2018/9/18, , 44, 44, 15, 
2018/9/19, , 47, 39, 24, 
2018/9/20, , 38, 42, 21, 
2018/9/21, , 46, 28, 17, 
2018/9/22, , 50, 19, 10, 
2018/9/24, , 13, 25, 12, 
2018/9/25, , 12, 24, 13, 
2018/9/26, , 13, 19, 12, 
2018/9/27, , 15, 23, 11, 
2018/9/28, , 17, 21, 12, 
2018/9/29, , 16, 27, 13, 
2018/9/30, , 17, 15, 20, 
2018/5/14, , 29, 40, 9, 
2018/5/15, , 33, 41, 7, 
2018/5/16, , 28, 35, 7, 
2018/5/17, , 27, 25, 8, 
2018/5/18, , 29, 37, 4, 
2018/5/19, , 25, 41, 3, 
2018/5/20, , 16, 46, 4, 
2018/5/21, , 15, 49, 5, 
2018/5/22, , 19, 44, 6, 
2018/5/23, , 21, 46, 7, 
2018/5/24, , 22, 45, 4, 
2018/5/25, , 26, 49, 5, 
2018/5/26, , 24, 52, 5, 
2018/5/27, , 23, 63, 5, 
2018/5/28, , 25, 66, 5, 
2018/5/29, , 31, 56, 9, 
2018/5/30, , 32, 59, 6, 
2018/5/31, , 32, 66, 8, 
2018/6/1, , 34, 40, 7, 
2018/6/2, , 34, 38, 4, 
2018/6/3, , 29, 44, 8, 
2018/6/4, , 24, 35, 6, 
2018/6/5, , 25, 40, 3, 
2018/6/6, , 21, 50, 4, 
2018/6/7, , 20, 59, 7, 
2018/6/8, , 23, 72, 5, 
2018/6/9, , 23, 51, 7, 
2018/6/10, , 24, 39, 5, 
2018/6/11, , 24, 31, 4, 
2018/6/12, , 20, 24, 7, 
2018/6/13, , 19, 41, 7, 
2018/6/14, , 18, 32, 12, 
2018/6/15, , 23, 46, 8, 
2018/6/16, , 22, 43, 5, 
2018/6/17, , 23, 34, 8, 
2018/6/18, , 23, 34, 7, 
2018/6/19, , 22, 36, 7, 
2018/6/20, , 23, 31, 11, 
2018/6/21, , 25, 27, 6, 
2018/6/22, , 18, 30, 9, 
2018/6/23, , 19, 22, 8, 
2018/6/24, , 16, 25, 7, 
2018/6/25, , 13, 26, 7, 
2018/6/26, , 20, 35, 4, 
2018/6/27, , 14, 40, 7, 
2018/6/28, , 16, 43, 6, 
2018/6/29, , 18, 28, 3, 
2018/6/30, , 13, 31, 2, 
2019/12/31, , , 18, 14, 
2019/11/27, , , 18, 8, 
2018/12/31, , , 18, 6, 
2018/12/28, , , 7, 14, 
2018/12/29, , , 26, 6, 
2018/9/23, , , 21, 10, 
2018/5/13, , , , 7, 