date, pm25, pm10, o3, no2
2025/11/1, 48, 12, 17, 9
2025/11/2, 39, 12, 23, 8
2025/11/3, 34, 12, 16, 11
2025/11/4, 35, 17, 13, 14
2025/11/5, 43, 17, 19, 13
2025/11/6, 47, 26, 18, 14
2025/11/7, 70, 27, 11, 12
2025/11/8, 78, 28, 6, 13
2025/11/9, 80, 19, 13, 12
2025/11/10, 58, 17, 7, 11
2025/11/11, 53, 16, 9, 12
2025/11/12, 50, 13, 11, 12
2025/11/13, 34, 15, 21, 11
2025/11/14, 47, 4, 26, 1
2025/11/15, 13, , , 
2025/10/1, 57, 22, 25, 12
2025/10/2, 56, 22, 26, 10
2025/10/3, 61, 14, 28, 5
2025/10/4, 41, 8, 23, 1
2025/10/5, 24, 12, 24, 6
2025/10/6, 31, 12, 10, 10
2025/10/7, 39, 10, 10, 9
2025/10/8, 33, 10, 21, 9
2025/10/9, 29, 13, 18, 7
2025/10/10, 38, 11, 27, 3
2025/10/11, 34, 9, 28, 3
2025/10/12, 29, 8, 21, 5
2025/10/13, 23, 10, 12, 8
2025/10/14, 32, 10, 17, 7
2025/10/15, 32, 10, 20, 6
2025/10/16, 31, 10, 23, 3
2025/10/17, 25, 8, 26, 6
2025/10/18, 23, 13, 21, 10
2025/10/19, 41, 14, 19, 8
2025/10/20, 38, 14, 19, 8
2025/10/21, 40, 13, 14, 12
2025/10/22, 38, 13, 23, 8
2025/10/23, 40, 9, 22, 4
2025/10/24, 17, 7, 22, 5
2025/10/25, 18, 6, 25, 2
2025/10/26, 18, 6, 22, 6
2025/10/27, 16, 8, 23, 5
2025/10/28, 22, 10, 21, 9
2025/10/29, 28, 8, 22, 6
2025/10/30, 21, 15, 16, 12
2025/10/31, 43, 15, 13, 9
2025/7/1, 31, 18, 58, 8
2025/7/2, 30, 15, 39, 5
2025/7/3, 31, 11, 31, 5
2025/7/4, 22, 12, 44, 7
2025/7/5, 26, 12, 35, 4
2025/7/6, 25, 7, 32, 5
2025/7/7, 18, 10, 26, 8
2025/7/8, 27, 9, 23, 6
2025/7/9, 26, 12, 22, 5
2025/7/10, 33, 10, 28, 5
2025/7/11, 26, 9, 12, 9
2025/7/12, 28, 10, 24, 3
2025/7/13, 31, 14, 39, 7
2025/7/14, 37, 14, 28, 9
2025/7/15, 43, 12, 28, 9
2025/7/16, 33, 12, 19, 9
2025/7/17, 38, 13, 37, 4
2025/7/18, 38, 15, 41, 6
2025/7/19, 41, 17, 42, 4
2025/7/20, 45, 15, 31, 6
2025/7/21, 43, 10, 30, 5
2025/7/22, 29, 12, 25, 7
2025/7/23, 38, 12, 27, 9
2025/7/24, 36, 12, 26, 7
2025/7/25, 41, 11, 29, 5
2025/7/26, 33, 11, 36, 5
2025/7/27, 35, 13, 29, 2
2025/7/28, 35, 9, 25, 7
2025/7/29, 24, 10, 30, 5
2025/7/30, 23, 10, 23, 4
2025/7/31, 29, 10, 26, 5
2025/8/1, 32, 8, 27, 4
2025/8/2, 26, 8, 22, 5
2025/8/3, 25, 10, 26, 7
2025/8/4, 30, 11, 24, 6
2025/8/5, 31, 9, 26, 5
2025/8/6, 22, 14, 35, 9
2025/8/7, 34, 18, 42, 9
2025/8/8, 34, 16, 46, 6
2025/8/9, 42, 13, 33, 5
2025/8/10, 35, 14, 38, 8
2025/8/11, 33, 17, 45, 10
2025/8/12, 37, 22, 60, 7
2025/8/13, 38, 26, 66, 8
2025/8/14, 49, 28, 73, 7
2025/8/15, 54, 15, 33, 5
2025/8/16, 42, 12, 29, 6
2025/8/17, 31, 9, 34, 5
2025/8/18, 19, 14, 42, 10
2025/8/19, 27, 14, 31, 4
2025/8/20, 33, 10, 31, 2
2025/8/21, 18, 10, 25, 7
2025/8/22, 18, 7, 25, 4
2025/8/23, 15, 8, 24, 5
2025/8/24, 20, 11, 27, 11
2025/8/25, 25, 12, 31, 8
2025/8/26, 26, 24, 48, 12
2025/8/27, 40, 22, 28, 11
2025/8/28, 62, 19, 20, 8
2025/8/29, 58, 15, 29, 8
2025/8/30, 42, 11, 33, 8
2025/8/31, 33, 13, 39, 8
2025/9/1, 30, 9, 22, 7
2025/9/2, 29, 10, 28, 6
2025/9/3, 23, 12, 32, 8
2025/9/4, 24, 9, 24, 9
2025/9/5, 27, 10, 29, 6
2025/9/6, 28, 11, 30, 6
2025/9/7, 33, 12, 33, 7
2025/9/8, 34, 23, 38, 9
2025/9/9, 56, 24, 35, 10
2025/9/10, 60, 13, 26, 7
2025/9/11, 35, 8, 23, 6
2025/9/12, 20, 10, 24, 7
2025/9/13, 28, 9, 25, 8
2025/9/14, 28, 9, 22, 8
2025/9/15, 24, 12, 25, 4
2025/9/16, 23, 11, 24, 5
2025/9/17, 27, 9, 19, 5
2025/9/18, 27, 12, 25, 7
2025/9/19, 37, 15, 40, 9
2025/9/20, 39, 14, 31, 6
2025/9/21, 37, 10, 25, 3
2025/9/22, 21, 9, 28, 6
2025/9/23, 21, 9, 26, 4
2025/9/24, 18, 12, 26, 3
2025/9/25, 18, 15, 25, 4
2025/9/26, 24, 19, 27, 5
2025/9/27, 36, 19, 34, 4
2025/9/28, 41, 14, 22, 7
2025/9/29, 37, 15, 18, 6
2025/9/30, 42, 20, 15, 5
2025/4/1, 33, 15, 34, 4
2025/4/2, 47, 14, 32, 7
2025/4/3, 29, 13, 34, 9
2025/4/4, 27, 11, 33, 2
2025/4/5, 27, 6, 35, 2
2025/4/6, 14, 9, 33, 4
2025/4/7, 18, 12, 35, 8
2025/4/8, 31, 18, 34, 8
2025/4/9, 35, 18, 29, 6
2025/4/10, 47, 27, 33, 10
2025/4/11, 59, 21, 32, 14
2025/4/12, 55, 20, 35, 7
2025/4/13, 47, 19, 39, 10
2025/4/14, 48, 23, 36, 5
2025/4/15, 48, 17, 40, 7
2025/4/16, 40, 34, 37, 7
2025/4/17, 59, 19, 18, 5
2025/4/18, 55, 8, 21, 5
2025/4/19, 29, 19, 39, 8
2025/4/20, 57, 15, 37, 9
2025/4/21, 47, 11, 34, 8
2025/4/22, 33, 19, 33, 7
2025/4/23, 58, 11, 38, 3
2025/4/24, 35, 10, 37, 1
2025/4/25, 33, 9, 37, 3
2025/4/26, 24, 13, 40, 4
2025/4/27, 31, 17, 44, 10
2025/4/28, 37, 17, 33, 11
2025/4/29, 36, 13, 31, 9
2025/4/30, 27, 12, 39, 6
2025/5/1, 30, 22, 54, 7
2025/5/2, 42, 13, 28, 4
2025/5/3, 37, 9, 31, 4
2025/5/4, 23, 6, 28, 3
2025/5/5, 16, 11, 31, 7
2025/5/6, 25, 10, 32, 4
2025/5/7, 25, 10, 34, 4
2025/5/8, 22, 14, 35, 9
2025/5/9, 32, 16, 29, 4
2025/5/10, 31, 11, 34, 2
2025/5/11, 32, 16, 42, 4
2025/5/12, 34, 25, 41, 6
2025/5/13, 37, 24, 41, 10
2025/5/14, 36, 18, 35, 1
2025/5/15, 26, 11, 34, 6
2025/5/16, 27, 9, 36, 5
2025/5/17, 23, 8, 34, 4
2025/5/18, 22, 10, 29, 3
2025/5/19, 30, 16, 41, 8
2025/5/20, 42, 19, 41, 8
2025/5/21, 36, 22, 30, 6
2025/5/22, 36, 9, 27, 5
2025/5/23, 18, 9, 36, 5
2025/5/24, 24, 12, 30, 5
2025/5/25, 36, 11, 34, 6
2025/5/26, 31, 17, 35, 7
2025/5/27, 39, 9, 28, 6
2025/5/28, 23, 8, 30, 6
2025/5/29, 21, 13, 24, 7
2025/5/30, 36, 12, 31, 6
2025/5/31, 33, 11, 41, 4
2025/6/1, 34, 16, 34, 7
2025/6/2, 48, 13, 41, 7
2025/6/3, 36, 17, 33, 7
2025/6/4, 45, 11, 34, 6
2025/6/5, 32, 11, 38, 5
2025/6/6, 22, 8, 32, 4
2025/6/7, 22, 10, 29, 3
2025/6/8, 25, 8, 29, 4
2025/6/9, 23, 18, 29, 7
2025/6/10, 57, 12, 32, 7
2025/6/11, 37, 11, 38, 4
2025/6/12, 30, 10, 38, 4
2025/6/13, 23, 12, 47, 4
2025/6/14, 34, 14, 60, 4
2025/6/15, 44, 10, 31, 6
2025/6/16, 30, 12, 39, 7
2025/6/17, 37, 19, 42, 11
2025/6/18, 46, 13, 33, 4
2025/6/19, 29, 16, 35, 5
2025/6/20, 29, 13, 45, 8
2025/6/21, 32, 16, 54, 12
2025/6/22, 40, 18, 34, 4
2025/6/23, 36, 15, 37, 4
2025/6/24, 29, 11, 25, 6
2025/6/25, 32, 13, 39, 7
2025/6/26, 29, 12, 24, 7
2025/6/27, 33, 11, 37, 6
2025/6/28, 34, 10, 32, 6
2025/6/29, 27, 12, 33, 5
2025/6/30, 30, 15, 53, 6
2025/1/1, 51, 8, 24, 9
2025/1/2, 23, 6, 24, 7
2025/1/3, 19, 11, 21, 10
2025/1/4, 35, 16, 18, 9
2025/1/5, 56, 10, 27, 10
2025/1/6, 33, 6, 25, 6
2025/1/7, 14, 7, 22, 7
2025/1/8, 23, 10, 21, 10
2025/1/9, 38, 10, 17, 13
2025/1/10, 39, 7, 24, 8
2025/1/11, 25, 6, 27, 2
2025/1/12, 18, 11, 21, 12
2025/1/13, 37, 17, 17, 12
2025/1/14, 53, 13, 20, 9
2025/1/15, 45, 12, 20, 6
2025/1/16, 42, 21, 11, 11
2025/1/17, 63, 22, 2, 14
2025/1/18, 63, 23, 7, 12
2025/1/19, 71, 33, 7, 15
2025/1/20, 91, 26, 2, 17
2025/1/21, 77, 26, 12, 15
2025/1/22, 74, 16, 17, 9
2025/1/23, 54, 10, 17, 9
2025/1/24, 34, 7, 22, 8
2025/1/25, 21, 9, 19, 6
2025/1/26, 31, 7, 18, 12
2025/1/27, 22, 10, 18, 15
2025/1/28, 33, 8, 21, 8
2025/1/29, 24, 10, 23, 12
2025/1/30, 28, 9, 23, 10
2025/1/31, 26, 18, 16, 13
2025/2/1, 56, 16, 20, 11
2025/2/2, 53, 23, 19, 19
2025/2/3, 65, 33, 10, 19
2025/2/4, 85, 22, 8, 14
2025/2/5, 69, 16, 24, 6
2025/2/6, 52, 16, 22, 4
2025/2/7, 55, 27, 15, 6
2025/2/8, 80, 35, 14, 7
2025/2/9, 99, 40, 13, 7
2025/2/10, 107, 33, 22, 7
2025/2/11, 87, 44, 12, 8
2025/2/12, 117, 48, 5, 9
2025/2/13, 130, 16, 22, 8
2025/2/14, 51, 11, 25, 12
2025/2/15, 38, 16, 27, 12
2025/2/16, 54, 15, 28, 20
2025/2/17, 44, 22, 24, 24
2025/2/18, 58, 23, 21, 22
2025/2/19, 61, 29, 26, 13
2025/2/20, 73, 35, 19, 15
2025/2/21, 92, 29, 28, 9
2025/2/22, 79, 22, 20, 15
2025/2/23, 64, 17, 22, 14
2025/2/24, 50, 18, 20, 10
2025/2/25, 57, 24, 13, 11
2025/2/26, 73, 18, 22, 8
2025/2/27, 56, 15, 28, 10
2025/2/28, 51, 10, 25, 5
2025/3/1, 36, 12, 24, 8
2025/3/2, 42, 13, 27, 13
2025/3/3, 40, 24, 25, 14
2025/3/4, 61, 21, 30, 15
2025/3/5, 54, 28, 30, 22
2025/3/6, 62, 34, 36, 25
2025/3/7, 70, 34, 43, 17
2025/3/8, 86, 45, 39, 15
2025/3/9, 111, 51, 41, 18
2025/3/10, 123, 50, 17, 14
2025/3/11, 120, 26, 25, 11
2025/3/12, 74, 16, 28, 12
2025/3/13, 49, 16, 25, 10
2025/3/14, 51, 21, 24, 4
2025/3/15, 69, 18, 31, 6
2025/3/16, 54, 7, 31, 5
2025/3/17, 19, 20, 27, 22
2025/3/18, 36, 27, 29, 25
2025/3/19, 56, 34, 33, 24
2025/3/20, 64, 38, 41, 19
2025/3/21, 77, 27, 39, 3
2025/3/22, 67, 29, 35, 4
2025/3/23, 76, 31, 31, 8
2025/3/24, 78, 38, 25, 12
2025/3/25, 93, 19, 22, 7
2025/3/26, 52, 17, 15, 9
2025/3/27, 52, 21, 28, 9
2025/3/28, 60, 24, 28, 7
2025/3/29, 65, 11, 25, 9
2025/3/30, 33, 10, 25, 5
2025/3/31, 34, 10, 29, 3
2024/10/1, 45, 15, 15, 6
2024/10/2, 47, 7, 20, 2
2024/10/3, 19, 7, 23, 2
2024/10/4, 19, 8, 21, 4
2024/10/5, 24, 10, 17, 4
2024/10/6, 34, 17, 8, 10
2024/10/7, 51, 17, 12, 10
2024/10/8, 49, 10, 21, 8
2024/10/9, 26, 9, 22, 6
2024/10/10, 21, 10, 23, 9
2024/10/11, 26, 12, 25, 9
2024/10/12, 35, 8, 24, 3
2024/10/13, 25, 12, 19, 10
2024/10/14, 31, 11, 24, 11
2024/10/15, 33, 14, 24, 7
2024/10/16, 41, 18, 19, 10
2024/10/17, 50, 24, 19, 10
2024/10/18, 60, 22, 16, 8
2024/10/19, 57, 23, 21, 8
2024/10/20, 62, 18, 11, 9
2024/10/21, 49, 16, 17, 10
2024/10/22, 42, 20, 19, 15
2024/10/23, 53, 21, 22, 12
2024/10/24, 57, 28, 15, 13
2024/10/25, 72, 32, 11, 13
2024/10/26, 81, 24, 9, 8
2024/10/27, 70, 19, 17, 10
2024/10/28, 55, 17, 15, 10
2024/10/29, 53, 13, 18, 11
2024/10/30, 41, 11, 17, 10
2024/10/31, 34, 24, 9, 9
2024/11/1, 70, 14, 26, 9
2024/11/2, 39, 16, 20, 15
2024/11/3, 50, 15, 13, 12
2024/11/4, 48, 20, 12, 9
2024/11/5, 61, 25, 1, 12
2024/11/6, 71, 8, 8, 7
2024/11/7, 29, 19, 11, 6
2024/11/8, 61, 35, 9, 7
2024/11/9, 91, 30, 3, 11
2024/11/10, 87, 27, 1, 9
2024/11/11, 75, 20, 5, 7
2024/11/12, 63, 15, 11, 10
2024/11/13, 48, 12, 14, 13
2024/11/14, 39, 19, 18, 14
2024/11/15, 50, 15, 21, 4
2024/11/16, 52, 9, 22, 3
2024/11/17, 31, 7, 20, 7
2024/11/18, 20, 9, 14, 12
2024/11/19, 31, 8, 18, 10
2024/11/20, 27, 9, 16, 9
2024/11/21, 31, 11, 17, 10
2024/11/22, 40, 10, 20, 8
2024/11/23, 32, 9, 19, 7
2024/11/24, 27, 16, 14, 11
2024/11/25, 41, 14, 16, 12
2024/11/26, 43, 13, 16, 11
2024/11/27, 43, 6, 22, 6
2024/11/28, 16, 8, 18, 8
2024/11/29, 25, 12, 16, 9
2024/11/30, 42, 19, 5, 11
2024/12/1, 64, 16, 5, 11
2024/12/2, 56, 14, 17, 11
2024/12/3, 48, 10, 14, 10
2024/12/4, 37, 14, 16, 11
2024/12/5, 48, 13, 17, 14
2024/12/6, 44, 11, 15, 7
2024/12/7, 36, 19, 13, 5
2024/12/8, 62, 12, 11, 4
2024/12/9, 44, 14, 14, 4
2024/12/10, 50, 13, 17, 7
2024/12/11, 47, 18, 15, 7
2024/12/12, 59, 16, 15, 8
2024/12/13, 55, 21, 7, 7
2024/12/14, 68, 11, 19, 5
2024/12/15, 39, 5, 23, 7
2024/12/16, 16, 10, 20, 9
2024/12/17, 35, 10, 22, 7
2024/12/18, 31, 6, 24, 7
2024/12/19, 20, 9, 23, 8
2024/12/20, 27, 8, 18, 5
2024/12/21, 27, 5, 26, 4
2024/12/22, 17, 9, 23, 7
2024/12/23, 29, 10, 16, 10
2024/12/24, 29, 17, 9, 8
2024/12/25, 56, 12, 7, 7
2024/12/26, 42, 12, 6, 10
2024/12/27, 38, 19, 1, 10
2024/12/28, 61, 20, 7, 11
2024/12/29, 65, , , 
2024/7/1, 38, 9, 20, 7
2024/7/2, 27, 9, 23, 6
2024/7/3, 25, 10, 24, 6
2024/7/4, 27, 13, 33, 6
2024/7/5, 28, 11, 31, 4
2024/7/6, 26, 10, 33, 3
2024/7/7, 18, 12, 36, 7
2024/7/8, 21, 16, 45, 6
2024/7/9, 29, 22, 34, 7
2024/7/10, 49, 15, 31, 8
2024/7/11, 42, 13, 28, 8
2024/7/12, 40, 7, 31, 5
2024/7/13, 21, 10, 35, 8
2024/7/14, 31, 12, 44, 9
2024/7/15, 31, 17, 34, 6
2024/7/16, 40, 8, 34, 5
2024/7/17, 20, 8, 31, 6
2024/7/18, 22, 15, 55, 6
2024/7/19, 31, 20, 48, 4
2024/7/20, 44, 20, 60, 4
2024/7/21, 46, 12, 25, 7
2024/7/22, 35, 11, 37, 6
2024/7/23, 27, 12, 25, 6
2024/7/24, 33, 11, 29, 6
2024/7/25, 25, 16, 37, 8
2024/7/26, 38, 12, 28, 5
2024/7/27, 41, 9, 27, 5
2024/7/28, 27, 8, 25, 6
2024/7/29, 23, 11, 36, 7
2024/7/30, 25, 15, 48, 7
2024/7/31, 36, 17, 47, 3
2024/8/1, 37, 19, 31, 3
2024/8/2, 38, 14, 35, 5
2024/8/3, 36, 14, 29, 5
2024/8/4, 42, 11, 26, 8
2024/8/5, 30, 14, 37, 8
2024/8/6, 37, 18, 51, 6
2024/8/7, 43, 13, 32, 5
2024/8/8, 37, 15, 32, 8
2024/8/9, 40, 12, 35, 6
2024/8/10, 32, 13, 29, 5
2024/8/11, 36, 14, 41, 7
2024/8/12, 31, 16, 41, 4
2024/8/13, 29, 17, 52, 5
2024/8/14, 32, 17, 42, 6
2024/8/15, 43, 15, 40, 6
2024/8/16, 37, 9, 36, 4
2024/8/17, 28, 11, 27, 1
2024/8/18, 39, 12, 34, 3
2024/8/19, 36, 20, 40, 7
2024/8/20, 50, 15, 30, 4
2024/8/21, 34, 16, 31, 6
2024/8/22, 30, 21, 41, 5
2024/8/23, 29, 13, 46, 4
2024/8/24, 28, 15, 38, 4
2024/8/25, 26, 15, 36, 9
2024/8/26, 35, 18, 41, 9
2024/8/27, 41, 25, 46, 5
2024/8/28, 50, 25, 53, 9
2024/8/29, 55, 21, 43, 9
2024/8/30, 46, 12, 38, 2
2024/8/31, 34, 13, 38, 2
2024/9/1, 37, 18, 40, 5
2024/9/2, 38, 30, 53, 9
2024/9/3, 59, 33, 52, 8
2024/9/4, 59, 48, 46, 3
2024/9/5, 64, 49, 46, 4
2024/9/6, 65, 42, 54, 6
2024/9/7, 66, 24, 48, 5
2024/9/8, 48, 13, 31, 8
2024/9/9, 37, 11, 26, 6
2024/9/10, 31, 8, 25, 6
2024/9/11, 24, 8, 26, 8
2024/9/12, 20, 8, 26, 6
2024/9/13, 22, 9, 31, 1
2024/9/14, 17, 6, 28, 2
2024/9/15, 16, 10, 24, 2
2024/9/16, 29, 36, 35, 2
2024/9/17, 79, 34, 37, 3
2024/9/18, 78, 30, 35, 4
2024/9/19, 72, 32, 38, 6
2024/9/20, 60, 31, 41, 7
2024/9/21, 61, 30, 40, 9
2024/9/22, 64, 26, 40, 11
2024/9/23, 55, 19, 22, 9
2024/9/24, 50, 9, 25, 6
2024/9/25, 25, 8, 28, 6
2024/9/26, 19, 8, 30, 4
2024/9/27, 15, 7, 26, 6
2024/9/28, 17, 10, 26, 7
2024/9/29, 27, 10, 26, 7
2024/9/30, 24, 14, 20, 9
2024/4/1, 86, 10, 28, 7
2024/4/2, 24, 11, 25, 10
2024/4/3, 37, 7, 30, 8
2024/4/4, 21, 10, 28, 6
2024/4/5, 25, 9, 34, 7
2024/4/6, 24, 15, 36, 7
2024/4/7, 35, 37, 35, 17
2024/4/8, 55, 36, 30, 12
2024/4/9, 53, 12, 26, 10
2024/4/10, 26, 15, 32, 10
2024/4/11, 34, 17, 26, 9
2024/4/12, 40, 15, 30, 5
2024/4/13, 37, 11, 34, 7
2024/4/14, 24, 14, 39, 8
2024/4/15, 34, 8, 32, 7
2024/4/16, 24, 7, 33, 6
2024/4/17, 19, 7, 30, 9
2024/4/18, 19, 7, 23, 10
2024/4/19, 24, 6, 32, 3
2024/4/20, 19, 9, 37, 3
2024/4/21, 29, 8, 32, 7
2024/4/22, 25, 11, 35, 11
2024/4/23, 34, 19, 32, 9
2024/4/24, 54, 15, 32, 10
2024/4/25, 45, 13, 35, 8
2024/4/26, 34, 15, 39, 14
2024/4/27, 43, 12, 41, 7
2024/4/28, 32, 13, 38, 7
2024/4/29, 21, 24, 48, 6
2024/4/30, 38, 25, 45, 5
2024/5/1, 41, 27, 42, 3
2024/5/2, 41, 20, 34, 6
2024/5/3, 39, 16, 37, 6
2024/5/4, 52, 15, 32, 5
2024/5/5, 40, 10, 39, 7
2024/5/6, 25, 12, 33, 2
2024/5/7, 30, 16, 40, 4
2024/5/8, 34, 13, 41, 4
2024/5/9, 34, 17, 41, 9
2024/5/10, 43, 17, 30, 2
2024/5/11, 49, 12, 38, 2
2024/5/12, 24, 17, 44, 6
2024/5/13, 26, 21, 45, 6
2024/5/14, 28, 26, 43, 4
2024/5/15, 29, 33, 40, 4
2024/5/16, 36, 31, 40, 5
2024/5/17, 39, 12, 34, 3
2024/5/18, 30, 13, 32, 4
2024/5/19, 45, 14, 38, 6
2024/5/20, 43, 20, 52, 4
2024/5/21, 50, 19, 42, 5
2024/5/22, 49, 20, 41, 7
2024/5/23, 51, 20, 42, 6
2024/5/24, 55, 16, 42, 5
2024/5/25, 51, 12, 42, 5
2024/5/26, 38, 14, 38, 7
2024/5/27, 38, 11, 33, 7
2024/5/28, 36, 13, 34, 7
2024/5/29, 32, 14, 25, 8
2024/5/30, 41, 12, 37, 5
2024/5/31, 36, 20, 42, 3
2024/6/1, 55, 22, 38, 5
2024/6/2, 58, 19, 31, 9
2024/6/3, 52, 15, 36, 8
2024/6/4, 36, 16, 25, 9
2024/6/5, 43, 16, 39, 6
2024/6/6, 46, 17, 36, 8
2024/6/7, 52, 18, 44, 10
2024/6/8, 52, 8, 32, 5
2024/6/9, 21, 11, 32, 5
2024/6/10, 31, 9, 28, 5
2024/6/11, 20, 7, 30, 6
2024/6/12, 18, 17, 31, 7
2024/6/13, 21, 17, 27, 11
2024/6/14, 42, 13, 30, 6
2024/6/15, 35, 10, 32, 7
2024/6/16, 26, 9, 30, 7
2024/6/17, 22, 10, 33, 9
2024/6/18, 27, 11, 31, 5
2024/6/19, 32, 11, 36, 6
2024/6/20, 29, 22, 35, 9
2024/6/21, 56, 16, 36, 7
2024/6/22, 44, 14, 31, 5
2024/6/23, 39, 12, 37, 6
2024/6/24, 35, 14, 37, 5
2024/6/25, 35, 17, 47, 4
2024/6/26, 39, 25, 47, 7
2024/6/27, 56, 21, 43, 9
2024/6/28, 49, 18, 48, 4
2024/6/29, 43, 17, 34, 4
2024/6/30, 48, 13, 28, 7
2024/1/1, 65, 8, 18, 10
2024/1/2, 28, 5, 25, 5
2024/1/3, 14, 4, 25, 5
2024/1/4, 13, 12, 14, 7
2024/1/5, 42, 23, 28, 4
2024/1/6, 71, 9, 29, 3
2024/1/7, 32, 15, 20, 7
2024/1/8, 54, 25, 14, 14
2024/1/9, 72, 48, 11, 20
2024/1/10, 123, 16, 12, 13
2024/1/11, 56, 15, 14, 10
2024/1/12, 52, 9, 21, 8
2024/1/13, 30, 8, 21, 8
2024/1/14, 27, 8, 23, 8
2024/1/15, 26, 11, 21, 11
2024/1/16, 35, 18, 13, 15
2024/1/17, 60, 27, 11, 17
2024/1/18, 79, 14, 23, 10
2024/1/19, 49, 16, 21, 8
2024/1/20, 55, 14, 22, 9
2024/1/21, 46, 8, 27, 6
2024/1/22, 26, 12, 27, 7
2024/1/23, 34, 9, 28, 6
2024/1/24, 26, 14, 27, 10
2024/1/25, 39, 15, 25, 13
2024/1/26, 44, 14, 21, 13
2024/1/27, 42, 17, 17, 14
2024/1/28, 53, 19, 12, 19
2024/1/29, 53, 23, 9, 18
2024/1/30, 59, 9, 27, 9
2024/1/31, 26, 13, 22, 9
2024/2/1, 40, 17, 20, 10
2024/2/2, 51, 9, 17, 9
2024/2/3, 32, 8, 25, 8
2024/2/4, 26, 12, 20, 8
2024/2/5, 35, 11, 24, 3
2024/2/6, 28, 10, 28, 9
2024/2/7, 26, 18, 27, 15
2024/2/8, 50, 13, 24, 10
2024/2/9, 41, 17, 12, 12
2024/2/10, 56, 25, 13, 5
2024/2/11, 75, 10, 18, 13
2024/2/12, 36, 14, 23, 12
2024/2/13, 45, 12, 15, 12
2024/2/14, 40, 11, 11, 11
2024/2/15, 38, 15, 14, 9
2024/2/16, 47, 9, 25, 5
2024/2/17, 26, 11, 23, 5
2024/2/18, 36, 6, 19, 7
2024/2/19, 19, 11, 23, 9
2024/2/20, 35, 16, 22, 7
2024/2/21, 49, 7, 22, 8
2024/2/22, 22, 7, 31, 7
2024/2/23, 18, 10, 23, 10
2024/2/24, 31, 10, 26, 13
2024/2/25, 33, 19, 24, 12
2024/2/26, 59, 16, 23, 4
2024/2/27, 56, 15, 20, 10
2024/2/28, 49, 25, 17, 11
2024/2/29, 69, 38, 8, 11
2024/3/1, 94, 35, 16, 11
2024/3/2, 93, 31, 22, 6
2024/3/3, 86, 40, 21, 6
2024/3/4, 104, 30, 24, 6
2024/3/5, 75, 24, 21, 8
2024/3/6, 71, 34, 30, 7
2024/3/7, 88, 28, 32, 7
2024/3/8, 78, 29, 24, 6
2024/3/9, 83, 25, 26, 4
2024/3/10, 74, 19, 23, 8
2024/3/11, 56, 20, 21, 19
2024/3/12, 54, 22, 24, 11
2024/3/13, 64, 16, 17, 9
2024/3/14, 50, 18, 22, 9
2024/3/15, 52, 8, 25, 7
2024/3/16, 24, 9, 29, 8
2024/3/17, 27, 8, 30, 4
2024/3/18, 25, 19, 25, 10
2024/3/19, 52, 30, 29, 16
2024/3/20, 63, 18, 21, 14
2024/3/21, 54, 17, 29, 10
2024/3/22, 56, 7, 28, 7
2024/3/23, 25, 7, 25, 3
2024/3/24, 25, 7, 20, 13
2024/3/25, 23, 11, 28, 10
2024/3/26, 35, 18, 27, 10
2024/3/27, 37, 14, 35, 5
2024/3/28, 34, 7, 30, 4
2024/3/29, 17, 59, 22, 14
2024/3/30, 90, 91, 29, 15
2024/3/31, 139, 43, 28, 6
2023/10/1, 39, 15, 29, 12
2023/10/2, 41, 17, 31, 5
2023/10/3, 45, 11, 22, 6
2023/10/4, 31, 12, 20, 7
2023/10/5, 34, 14, 26, 7
2023/10/6, 43, 10, 23, 4
2023/10/7, 32, 6, 25, 5
2023/10/8, 19, 12, 17, 10
2023/10/9, 39, 11, 14, 10
2023/10/10, 38, 22, 30, 10
2023/10/11, 49, 15, 22, 10
2023/10/12, 38, 17, 24, 7
2023/10/13, 46, 12, 24, 6
2023/10/14, 28, 7, 20, 6
2023/10/15, 18, 7, 16, 10
2023/10/16, 21, 12, 19, 15
2023/10/17, 37, 19, 20, 14
2023/10/18, 56, 24, 19, 8
2023/10/19, 70, 10, 11, 4
2023/10/20, 35, 14, 17, 9
2023/10/21, 44, 10, 22, 9
2023/10/22, 31, 14, 12, 13
2023/10/23, 42, 21, 9, 12
2023/10/24, 61, 19, 16, 14
2023/10/25, 57, 15, 14, 7
2023/10/26, 50, 18, 8, 7
2023/10/27, 56, 12, 11, 10
2023/10/28, 43, 8, 24, 7
2023/10/29, 23, 9, 22, 10
2023/10/30, 22, 9, 23, 9
2023/10/31, 25, 10, 16, 10
2023/11/1, 25, 18, 14, 10
2023/11/2, 37, 11, 16, 11
2023/11/3, 32, 8, 21, 6
2023/11/4, 24, 6, 21, 5
2023/11/5, 17, 8, 20, 7
2023/11/6, 20, 7, 19, 9
2023/11/7, 18, 8, 18, 8
2023/11/8, 22, 8, 16, 9
2023/11/9, 21, 7, 17, 10
2023/11/10, 20, 9, 15, 8
2023/11/11, 30, 11, 16, 6
2023/11/12, 39, 13, 15, 12
2023/11/13, 38, 9, 23, 5
2023/11/14, 26, 8, 17, 11
2023/11/15, 24, 8, 15, 10
2023/11/16, 24, 8, 14, 5
2023/11/17, 28, 11, 12, 7
2023/11/18, 38, 10, 22, 5
2023/11/19, 35, 7, 21, 9
2023/11/20, 22, 13, 13, 4
2023/11/21, 45, 15, 12, 10
2023/11/22, 49, 10, 29, 5
2023/11/23, 35, 7, 27, 4
2023/11/24, 18, 6, 19, 8
2023/11/25, 21, 8, 18, 7
2023/11/26, 26, 16, 19, 13
2023/11/27, 54, 15, 17, 9
2023/11/28, 52, 13, 12, 10
2023/11/29, 48, 20, 10, 18
2023/11/30, 61, 19, 13, 15
2023/12/1, 63, 14, 11, 9
2023/12/2, 50, 15, 10, 10
2023/12/3, 55, 21, 6, 15
2023/12/4, 68, 30, 8, 13
2023/12/5, 88, 32, 5, 14
2023/12/6, 89, 22, 1, 12
2023/12/7, 71, 22, 5, 12
2023/12/8, 71, 21, 11, 11
2023/12/9, 68, 9, 22, 7
2023/12/10, 33, 7, 21, 11
2023/12/11, 23, 11, 13, 16
2023/12/12, 36, 18, 6, 10
2023/12/13, 60, 14, 6, 7
2023/12/14, 50, 19, 7, 11
2023/12/15, 59, 18, 18, 8
2023/12/16, 54, 12, 16, 5
2023/12/17, 43, 16, 15, 8
2023/12/18, 49, 13, 11, 9
2023/12/19, 44, 7, 28, 8
2023/12/20, 23, 6, 27, 6
2023/12/21, 17, 8, 29, 9
2023/12/22, 21, 5, 25, 11
2023/12/23, 15, 5, 26, 4
2023/12/24, 15, 5, 25, 7
2023/12/25, 16, 5, 26, 6
2023/12/26, 14, 11, 19, 11
2023/12/27, 32, 8, 20, 5
2023/12/28, 26, 6, 26, 4
2023/12/29, 16, 8, 25, 8
2023/12/30, 26, 18, 16, 8
2023/12/31, 55, 28, 21, 7
2023/7/1, 35, 16, 37, 3
2023/7/2, 36, 19, 36, 6
2023/7/3, 45, 19, 32, 5
2023/7/4, 42, 18, 33, 6
2023/7/5, 38, 14, 34, 7
2023/7/6, 30, 16, 46, 11
2023/7/7, 35, 16, 54, 5
2023/7/8, 40, 15, 56, 3
2023/7/9, 36, 17, 46, 8
2023/7/10, 42, 15, 43, 8
2023/7/11, 37, 16, 36, 7
2023/7/12, 33, 13, 35, 8
2023/7/13, 30, 12, 42, 7
2023/7/14, 29, 15, 50, 6
2023/7/15, 34, 10, 35, 4
2023/7/16, 26, 14, 34, 11
2023/7/17, 29, 10, 35, 7
2023/7/18, 24, 14, 42, 12
2023/7/19, 28, 9, 28, 7
2023/7/20, 25, 12, 30, 10
2023/7/21, 29, 11, 30, 6
2023/7/22, 33, 13, 37, 4
2023/7/23, 32, 11, 28, 5
2023/7/24, 23, 10, 28, 6
2023/7/25, 27, 7, 25, 7
2023/7/26, 19, 9, 27, 5
2023/7/27, 29, 7, 16, 7
2023/7/28, 23, 9, 25, 7
2023/7/29, 30, 9, 32, 4
2023/7/30, 28, 8, 23, 4
2023/7/31, 24, 8, 27, 4
2023/8/1, 23, 9, 27, 4
2023/8/2, 23, 7, 24, 3
2023/8/3, 16, 9, 29, 6
2023/8/4, 26, 10, 29, 4
2023/8/5, 32, 11, 24, 6
2023/8/6, 43, 10, 28, 5
2023/8/7, 24, 8, 28, 5
2023/8/8, 20, 7, 24, 7
2023/8/9, 18, 10, 27, 9
2023/8/10, 25, 13, 26, 12
2023/8/11, 36, 15, 32, 8
2023/8/12, 39, 9, 36, 5
2023/8/13, 28, 14, 36, 9
2023/8/14, 34, 11, 42, 6
2023/8/15, 33, 11, 37, 4
2023/8/16, 34, 12, 38, 4
2023/8/17, 32, 18, 42, 4
2023/8/18, 49, 18, 49, 5
2023/8/19, 51, 14, 34, 6
2023/8/20, 39, 13, 32, 8
2023/8/21, 33, 16, 32, 6
2023/8/22, 30, 16, 36, 12
2023/8/23, 39, 16, 47, 10
2023/8/24, 35, 20, 43, 7
2023/8/25, 48, 13, 30, 6
2023/8/26, 31, 12, 32, 8
2023/8/27, 37, 9, 28, 7
2023/8/28, 24, 9, 27, 6
2023/8/29, 29, 9, 29, 8
2023/8/30, 26, 9, 26, 7
2023/8/31, 26, 11, 34, 8
2023/9/1, 33, 16, 30, 11
2023/9/2, 51, 12, 29, 6
2023/9/3, 36, 13, 43, 13
2023/9/4, 37, 15, 31, 12
2023/9/5, 35, 21, 48, 13
2023/9/6, 45, 20, 48, 9
2023/9/7, 47, 23, 48, 9
2023/9/8, 53, 23, 47, 8
2023/9/9, 54, 23, 56, 15
2023/9/10, 57, 30, 59, 19
2023/9/11, 63, 32, 45, 16
2023/9/12, 55, 12, 29, 7
2023/9/13, 34, 9, 26, 8
2023/9/14, 25, 11, 30, 8
2023/9/15, 30, 13, 39, 7
2023/9/16, 36, 18, 49, 9
2023/9/17, 53, 19, 29, 7
2023/9/18, 45, 13, 28, 6
2023/9/19, 26, 14, 28, 7
2023/9/20, 27, 18, 38, 11
2023/9/21, 33, 11, 23, 8
2023/9/22, 32, 8, 27, 6
2023/9/23, 22, 11, 24, 7
2023/9/24, 33, 13, 31, 8
2023/9/25, 39, 23, 30, 10
2023/9/26, 58, 28, 36, 14
2023/9/27, 63, 29, 38, 16
2023/9/28, 62, 31, 23, 19
2023/9/29, 64, 12, 24, 8
2023/9/30, 30, 13, 30, 7
2023/4/1, 31, 7, 35, 1
2023/4/2, 25, 6, 35, 3
2023/4/3, 18, 8, 33, 6
2023/4/4, 25, 13, 32, 11
2023/4/5, 37, 17, 35, 10
2023/4/6, 46, 15, 27, 6
2023/4/7, 47, 20, 25, 3
2023/4/8, 65, 25, 23, 8
2023/4/9, 75, 26, 34, 9
2023/4/10, 74, 9, 28, 10
2023/4/11, 31, 11, 34, 10
2023/4/12, 29, 11, 30, 10
2023/4/13, 32, 11, 29, 8
2023/4/14, 37, 17, 20, 4
2023/4/15, 58, 18, 19, 3
2023/4/16, 59, 21, 28, 3
2023/4/17, 63, 16, 32, 2
2023/4/18, 54, 13, 41, 3
2023/4/19, 38, 18, 32, 5
2023/4/20, 57, 25, 48, 4
2023/4/21, 62, 24, 48, 6
2023/4/22, 59, 16, 36, 7
2023/4/23, 49, 10, 35, 6
2023/4/24, 27, 11, 31, 9
2023/4/25, 30, 11, 30, 12
2023/4/26, 31, 11, 31, 14
2023/4/27, 30, 20, 36, 13
2023/4/28, 52, 18, 36, 5
2023/4/29, 58, 12, 37, 5
2023/4/30, 35, 17, 40, 8
2023/5/1, 50, 16, 30, 10
2023/5/2, 42, 14, 34, 7
2023/5/3, 31, 28, 40, 8
2023/5/4, 60, 24, 39, 3
2023/5/5, 44, 14, 25, 3
2023/5/6, 44, 12, 38, 2
2023/5/7, 38, 14, 36, 5
2023/5/8, 37, 21, 40, 5
2023/5/9, 38, 23, 38, 8
2023/5/10, 45, 24, 36, 9
2023/5/11, 46, 25, 45, 5
2023/5/12, 48, 27, 43, 4
2023/5/13, 49, 23, 43, 6
2023/5/14, 55, 25, 38, 11
2023/5/15, 56, 17, 32, 4
2023/5/16, 39, 16, 32, 3
2023/5/17, 30, 12, 34, 3
2023/5/18, 28, 12, 33, 4
2023/5/19, 27, 16, 31, 3
2023/5/20, 44, 27, 42, 3
2023/5/21, 60, 24, 43, 4
2023/5/22, 41, 22, 32, 8
2023/5/23, 50, 16, 27, 8
2023/5/24, 40, 17, 34, 9
2023/5/25, 49, 18, 36, 4
2023/5/26, 45, 11, 37, 4
2023/5/27, 29, 16, 45, 6
2023/5/28, 36, 11, 38, 2
2023/5/29, 30, 13, 40, 5
2023/5/30, 27, 13, 35, 8
2023/5/31, 22, 18, 36, 7
2023/6/1, 42, 16, 33, 5
2023/6/2, 32, 11, 35, 2
2023/6/3, 20, 11, 40, 3
2023/6/4, 23, 15, 43, 5
2023/6/5, 25, 22, 43, 6
2023/6/6, 39, 19, 54, 3
2023/6/7, 36, 21, 55, 4
2023/6/8, 45, 19, 48, 3
2023/6/9, 42, 19, 46, 2
2023/6/10, 47, 21, 44, 2
2023/6/11, 42, 24, 46, 3
2023/6/12, 43, 21, 36, 3
2023/6/13, 36, 23, 37, 3
2023/6/14, 41, 22, 37, 4
2023/6/15, 41, 15, 32, 6
2023/6/16, 47, 18, 34, 6
2023/6/17, 56, 20, 45, 8
2023/6/18, 57, 28, 49, 9
2023/6/19, 65, 31, 40, 9
2023/6/20, 78, 24, 40, 9
2023/6/21, 66, 17, 51, 5
2023/6/22, 44, 15, 30, 5
2023/6/23, 50, 17, 36, 8
2023/6/24, 43, 16, 43, 10
2023/6/25, 44, 19, 43, 9
2023/6/26, 48, 10, 26, 11
2023/6/27, 25, 10, 33, 7
2023/6/28, 26, 14, 40, 11
2023/6/29, 38, 16, 23, 8
2023/6/30, 49, 14, 40, 4
2023/1/2, 33, 13, 18, 16
2023/1/3, 40, 8, 21, 7
2023/1/4, 29, 5, 21, 4
2023/1/5, 15, 9, 15, 11
2023/1/6, 29, 12, 14, 10
2023/1/7, 38, 12, 13, 7
2023/1/8, 46, 12, 17, 10
2023/1/9, 41, 12, 19, 9
2023/1/10, 38, 8, 18, 8
2023/1/11, 25, 7, 20, 8
2023/1/12, 23, 5, 27, 6
2023/1/13, 13, 7, 24, 4
2023/1/14, 22, 5, 29, 4
2023/1/15, 13, 9, 21, 9
2023/1/16, 22, 8, 21, 11
2023/1/17, 24, 18, 10, 18
2023/1/18, 56, 19, 10, 14
2023/1/19, 60, 23, 17, 12
2023/1/20, 68, 11, 23, 3
2023/1/21, 41, 12, 19, 4
2023/1/22, 42, 19, 9, 6
2023/1/23, 62, 22, 14, 8
2023/1/24, 69, 17, 11, 10
2023/1/25, 59, 13, 7, 8
2023/1/26, 49, 9, 21, 6
2023/1/27, 33, 7, 24, 6
2023/1/28, 22, 16, 19, 5
2023/1/29, 57, 10, 27, 5
2023/1/30, 35, 9, 27, 5
2023/1/31, 29, 8, 26, 5
2023/2/1, 23, 9, 26, 8
2023/2/2, 26, 9, 26, 7
2023/2/3, 31, 5, 23, 4
2023/2/4, 17, 10, 17, 13
2023/2/5, 33, 20, 10, 16
2023/2/6, 64, 30, 8, 24
2023/2/7, 84, 32, 17, 19
2023/2/8, 88, 22, 17, 13
2023/2/9, 61, 27, 15, 10
2023/2/10, 77, 23, 14, 9
2023/2/11, 67, 10, 18, 8
2023/2/12, 34, 13, 20, 10
2023/2/13, 46, 23, 22, 8
2023/2/14, 68, 31, 10, 15
2023/2/15, 80, 31, 19, 15
2023/2/16, 78, 16, 27, 8
2023/2/17, 52, 7, 26, 5
2023/2/18, 19, 7, 28, 5
2023/2/19, 20, 10, 20, 7
2023/2/20, 37, 10, 23, 7
2023/2/21, 29, 19, 20, 13
2023/2/22, 49, 29, 14, 10
2023/2/23, 78, 12, 26, 7
2023/2/24, 36, 5, 25, 3
2023/2/25, 17, 5, 29, 3
2023/2/26, 20, 9, 24, 10
2023/2/27, 26, 15, 30, 13
2023/2/28, 43, 26, 26, 21
2023/3/1, 65, 21, 15, 12
2023/3/2, 65, 16, 20, 8
2023/3/3, 54, 13, 28, 7
2023/3/4, 38, 8, 25, 9
2023/3/5, 23, 8, 24, 10
2023/3/6, 27, 11, 24, 7
2023/3/7, 37, 11, 26, 5
2023/3/8, 38, 19, 23, 8
2023/3/9, 64, 14, 12, 9
2023/3/10, 51, 10, 28, 3
2023/3/11, 34, 9, 28, 5
2023/3/12, 30, 10, 17, 6
2023/3/13, 31, 7, 28, 5
2023/3/14, 17, 8, 25, 9
2023/3/15, 22, 11, 27, 11
2023/3/16, 26, 19, 26, 8
2023/3/17, 43, 19, 26, 10
2023/3/18, 51, 22, 27, 13
2023/3/19, 64, 16, 21, 9
2023/3/20, 52, 23, 17, 10
2023/3/21, 67, 15, 30, 7
2023/3/22, 46, 9, 28, 6
2023/3/23, 24, 9, 29, 7
2023/3/24, 27, 5, 31, 3
2023/3/25, 16, 7, 30, 2
2023/3/26, 20, 7, 28, 7
2023/3/27, 19, 6, 30, 8
2023/3/28, 16, 18, 28, 12
2023/3/29, 44, 19, 29, 10
2023/3/30, 43, 7, 26, 7
2023/3/31, 21, 9, 28, 5
2022/10/1, 42, 9, 17, 6
2022/10/2, 28, 9, 19, 2
2022/10/3, 24, 11, 17, 9
2022/10/4, 30, 14, 19, 10
2022/10/5, 37, 12, 23, 9
2022/10/6, 28, 17, 22, 15
2022/10/7, 43, 14, 18, 11
2022/10/8, 40, 11, 19, 8
2022/10/9, 29, 15, 14, 10
2022/10/10, 39, 14, 19, 14
2022/10/11, 36, 22, 20, 17
2022/10/12, 49, 26, 14, 16
2022/10/13, 63, 24, 14, 15
2022/10/14, 64, 16, 10, 8
2022/10/15, 50, 9, 19, 8
2022/10/16, 24, 18, 15, 16
2022/10/17, 44, 16, 7, 15
2022/10/18, 50, 9, 21, 9
2022/10/19, 26, 14, 17, 8
2022/10/20, 35, 19, 8, 11
2022/10/21, 56, 16, 16, 11
2022/10/22, 49, 14, 16, 7
2022/10/23, 42, 15, 15, 7
2022/10/24, 39, 12, 17, 12
2022/10/25, 34, 17, 13, 15
2022/10/26, 48, 18, 16, 15
2022/10/27, 49, 20, 8, 13
2022/10/28, 50, 26, 14, 12
2022/10/29, 61, 35, 14, 14
2022/10/30, 79, 35, 8, 12
2022/10/31, 86, 28, 5, 12
2022/11/1, 73, 14, 18, 10
2022/11/2, 34, 16, 11, 12
2022/11/3, 42, 16, 10, 12
2022/11/4, 54, 12, 18, 10
2022/11/5, 39, 13, 17, 7
2022/11/6, 46, 11, 16, 8
2022/11/7, 35, 12, 15, 10
2022/11/8, 30, 10, 12, 12
2022/11/9, 32, 11, 18, 10
2022/11/10, 32, 13, 12, 14
2022/11/11, 38, 19, 11, 19
2022/11/12, 55, 21, 18, 5
2022/11/13, 66, 30, 10, 10
2022/11/14, 84, 30, 3, 13
2022/11/15, 78, 22, 8, 6
2022/11/16, 68, 17, 9, 4
2022/11/17, 58, 21, 14, 9
2022/11/18, 66, 15, 9, 11
2022/11/19, 52, 15, 11, 7
2022/11/20, 54, 19, 11, 13
2022/11/21, 64, 22, 10, 10
2022/11/22, 70, 25, 1, 11
2022/11/23, 73, 33, , 13
2022/11/24, 88, 27, 1, 13
2022/11/25, 76, 21, 11, 11
2022/11/26, 60, 19, 9, 10
2022/11/27, 60, 23, 7, 10
2022/11/28, 70, 32, 3, 10
2022/11/29, 89, 38, 6, 9
2022/11/30, 104, 34, 7, 8
2022/12/1, 95, 25, 11, 6
2022/12/2, 76, 34, 8, 6
2022/12/3, 95, 38, 2, 6
2022/12/4, 107, 26, 3, 8
2022/12/5, 77, 12, 4, 8
2022/12/6, 43, 10, 15, 9
2022/12/7, 36, 13, 14, 14
2022/12/8, 47, 18, 19, 16
2022/12/9, 61, 18, 15, 5
2022/12/10, 62, 16, 18, 5
2022/12/11, 58, 13, 13, 9
2022/12/12, 49, 21, 10, 16
2022/12/13, 66, 31, 5, 19
2022/12/14, 83, 40, 2, 20
2022/12/15, 103, 42, 5, 19
2022/12/16, 110, 26, 10, 13
2022/12/17, 79, 23, 11, 11
2022/12/18, 73, 23, 13, 13
2022/12/19, 67, 18, 9, 14
2022/12/20, 60, 20, 6, 14
2022/12/21, 63, 14, 10, 13
2022/12/22, 51, 14, 17, 16
2022/12/23, 51, 11, 20, 8
2022/12/24, 42, 14, 13, 10
2022/12/25, 52, 8, 20, 6
2022/12/26, 25, 10, 22, 7
2022/12/27, 30, 8, 18, 7
2022/12/28, 28, 6, 24, 7
2022/12/29, 18, 8, 22, 7
2022/12/30, 26, 8, 20, 4
2022/12/31, 27, 20, 20, 6
2023/1/1, 52, 12, 24, 9
2022/7/1, 43, 11, 41, 5
2022/7/2, 34, 11, 45, 4
2022/7/3, 30, 11, 35, 5
2022/7/4, 26, 11, 36, 8
2022/7/5, 22, 9, 26, 6
2022/7/6, 16, 7, 22, 6
2022/7/7, 20, 10, 9, 10
2022/7/8, 25, , , 
2022/7/12, 18, 12, 47, 8
2022/7/13, 20, 10, 30, 3
2022/7/14, 21, 9, 26, 6
2022/7/15, 18, 9, 27, 2
2022/7/16, 16, 9, 28, 4
2022/7/17, 22, 14, 37, 11
2022/7/18, 29, 16, 60, 9
2022/7/19, 28, 22, 68, 9
2022/7/20, 37, 21, 45, 6
2022/7/21, 47, 12, 31, 4
2022/7/22, 41, , , 
2022/7/26, 26, 9, 28, 3
2022/7/27, 18, 12, 36, 7
2022/7/28, 24, 16, 47, 5
2022/7/29, 30, 14, 36, 2
2022/7/30, 25, 14, 46, 6
2022/7/31, 35, 9, 30, 4
2022/8/1, 25, 13, 37, 5
2022/8/2, 27, 16, 51, 11
2022/8/3, 31, 19, 63, 17
2022/8/4, 39, 14, 41, 4
2022/8/5, 31, 9, 29, 2
2022/8/6, 15, 9, 37, 4
2022/8/7, 23, 12, 38, 7
2022/8/8, 27, 13, 38, 4
2022/8/9, 29, , , 
2022/8/18, 47, 14, 33, 4
2022/8/19, 49, 15, 26, 4
2022/8/20, 51, 10, 31, 4
2022/8/21, 27, 10, 35, 8
2022/8/22, 28, 10, 32, 4
2022/8/23, 29, 14, 32, 5
2022/8/24, 42, 23, 36, 4
2022/8/25, 52, 23, 37, 9
2022/8/26, 55, 12, 31, 3
2022/8/27, 40, 12, 25, 3
2022/8/28, 36, 10, 25, 8
2022/8/29, 30, 8, 25, 5
2022/8/30, 23, 6, 27, 4
2022/8/31, 16, 6, 26, 5
2022/9/1, 16, 9, 27, 6
2022/9/2, 18, 11, 31, 4
2022/9/3, 20, 10, 33, 3
2022/9/4, 24, 15, 35, 5
2022/9/5, 37, 13, 24, 4
2022/9/6, 23, , , 
2022/9/12, 27, 13, 23, 9
2022/9/13, 41, 11, 27, 10
2022/9/14, 29, 11, 22, 9
2022/9/15, 28, 10, 26, 5
2022/9/16, 20, 8, 23, 5
2022/9/17, 21, 6, 18, 3
2022/9/18, 17, 6, 12, 10
2022/9/19, 19, 6, 6, 13
2022/9/20, 19, 9, 20, 11
2022/9/21, 27, 12, 24, 13
2022/9/22, 35, 17, 26, 14
2022/9/23, 46, 21, 18, 12
2022/9/24, 61, 19, 28, 8
2022/9/25, 59, 11, 21, 9
2022/9/26, 29, 7, 18, 8
2022/9/27, 21, 11, 17, 9
2022/9/28, 31, 14, 15, 11
2022/9/29, 42, 16, 23, 15
2022/9/30, 49, 13, 17, 9
2022/4/1, 38, 23, 34, 2
2022/4/2, 24, 9, 34, 2
2022/4/3, 27, 9, 32, 8
2022/4/4, 48, 9, 26, 9
2022/4/5, 28, 13, 28, 7
2022/4/6, 44, 8, 32, 5
2022/4/7, 23, 7, 30, 5
2022/4/8, 19, 8, 33, 4
2022/4/9, 25, 7, 33, 4
2022/4/10, 21, 10, 34, 9
2022/4/11, 29, 16, 39, 11
2022/4/12, 46, 25, 39, 16
2022/4/13, 57, 18, 28, 14
2022/4/14, 51, 12, 32, 7
2022/4/15, 45, 6, 36, 2
2022/4/16, 20, 11, 39, 6
2022/4/17, 37, 13, 38, 5
2022/4/18, 42, 10, 37, 3
2022/4/19, 27, 12, 36, 4
2022/4/20, 34, 15, 27, 6
2022/4/21, 49, 19, 25, 6
2022/4/22, 58, 19, 40, 5
2022/4/23, 61, 15, 38, 2
2022/4/24, 47, 14, 34, 2
2022/4/25, 46, 15, 39, 8
2022/4/26, 41, 16, 39, 7
2022/4/27, 41, 21, 36, 11
2022/4/28, 52, 23, 35, 16
2022/4/29, 50, 22, 38, 10
2022/4/30, 50, 15, 36, 4
2022/5/1, 41, 19, 38, 8
2022/5/2, 47, 17, 34, 9
2022/5/3, 39, 23, 37, 11
2022/5/4, 53, 19, 36, 6
2022/5/5, 52, 21, 32, 12
2022/5/6, 44, 18, 36, 11
2022/5/7, 42, 12, 39, 3
2022/5/8, 33, 17, 40, 5
2022/5/9, 43, 22, 43, 9
2022/5/10, 44, 27, 45, 8
2022/5/11, 54, 12, 29, 8
2022/5/12, 30, 19, 29, 12
2022/5/13, 42, 17, 34, 7
2022/5/14, 43, 10, 38, 6
2022/5/15, 29, 17, 42, 5
2022/5/16, 31, 16, 35, 8
2022/5/17, 42, 24, 46, 7
2022/5/18, 40, 23, 48, 10
2022/5/19, 45, 18, 40, 8
2022/5/20, 42, 13, 31, 6
2022/5/21, 30, 9, 30, 8
2022/5/22, 23, 13, 38, 6
2022/5/23, 31, 11, 34, 8
2022/5/24, 29, 12, 35, 9
2022/5/25, 28, 12, 32, 3
2022/5/26, 26, 15, 33, 3
2022/5/27, 34, 9, 31, 2
2022/5/28, 21, 8, 27, 3
2022/5/29, 22, 9, 28, 5
2022/5/30, 25, 11, 36, 9
2022/5/31, 28, 11, 35, 10
2022/6/1, 33, 10, 32, 7
2022/6/2, 29, 14, 49, 11
2022/6/3, 37, 12, 42, 2
2022/6/4, 32, 16, 48, 3
2022/6/5, 47, 15, 37, 5
2022/6/6, 44, 15, 36, 9
2022/6/7, 31, 15, 33, 9
2022/6/8, 30, 13, 28, 11
2022/6/9, 35, 12, 36, 6
2022/6/10, 28, 14, 34, 7
2022/6/11, 32, 15, 40, 5
2022/6/12, 41, 13, 30, 6
2022/6/13, 27, 11, 30, 12
2022/6/14, 25, 17, 48, 11
2022/6/15, 38, 14, 38, 3
2022/6/16, 31, 19, 36, 9
2022/6/17, 30, 22, 63, 7
2022/6/18, 40, 29, 48, 2
2022/6/19, 51, 10, 26, 4
2022/6/20, 32, 13, 29, 7
2022/6/21, 24, 13, 43, 11
2022/6/22, 27, 13, 46, 4
2022/6/23, 32, 18, 53, 6
2022/6/24, 36, 22, 49, 6
2022/6/25, 65, 18, 48, 5
2022/6/26, 53, 20, 51, 9
2022/6/27, 46, 9, 37, 5
2022/6/28, 25, 10, 37, 3
2022/6/29, 22, 15, 52, 3
2022/6/30, 41, 15, 30, 7
2022/2/21, 19, 6, 29, 7
2022/2/22, 30, 11, 25, 9
2022/2/23, 33, 12, 29, 9
2022/2/24, 33, 13, 29, 12
2022/2/25, 26, 9, 26, 7
2022/2/26, 39, 13, 29, 9
2022/2/27, 66, 21, 18, 10
2022/2/28, 60, 19, 21, 11
2022/3/1, 61, 22, 25, 15
2022/3/2, 86, 37, 23, 24
2022/3/3, 79, 28, 20, 15
2022/3/4, 47, 14, 28, 9
2022/3/5, 56, 17, 28, 8
2022/3/6, 50, 15, 31, 5
2022/3/7, 45, 14, 30, 9
2022/3/8, 49, 16, 29, 20
2022/3/9, 63, 23, 34, 19
2022/3/10, 70, 26, 28, 11
2022/3/11, 58, 24, 32, 8
2022/3/12, 62, 23, 32, 9
2022/3/13, 64, 22, 35, 7
2022/3/14, 74, 31, 29, 10
2022/3/15, 67, 24, 24, 11
2022/3/16, 67, 22, 20, 8
2022/3/17, 115, 47, 25, 14
2022/3/18, 38, 14, 32, 5
2022/3/19, 60, 22, 36, 3
2022/3/20, 86, 34, 42, 5
2022/3/21, 70, 31, 35, 10
2022/3/22, 74, 35, 36, 18
2022/3/23, 93, 45, 46, 20
2022/3/24, 83, 36, 40, 10
2022/3/25, 88, 44, 39, 20
2022/3/26, 73, 29, 28, 10
2022/3/27, 55, 18, 32, 12
2022/3/28, 49, 19, 25, 12
2022/3/29, 52, 21, 33, 9
2022/3/30, 37, 17, 31, 8
2022/3/31, 44, 24, 33, 3
2024/12/31, , 18, 26, 4
2022/7/11, , 8, 31, 6
2022/7/25, , 10, 28, 3
2022/8/17, , 21, 70, 10
2022/9/11, , 9, 29, 8
2022/1/3, , 7, 25, 6
2022/1/4, , 7, 17, 12
2022/1/5, , 7, 18, 7
2022/1/6, , 7, 18, 12
2022/1/7, , 12, 12, 10
2022/1/8, , 14, 17, 9
2022/1/9, , 10, 19, 7
2022/1/10, , 23, 11, 12
2022/1/11, , 33, 14, 13
2022/1/12, , 19, 15, 12
2022/1/13, , 17, 14, 11
2022/1/14, , 16, 24, 11
2022/1/15, , 12, 26, 8
2022/1/16, , 19, 22, 7
2022/1/17, , 9, 26, 10
2022/1/18, , 10, 15, 17
2022/1/19, , 15, 20, 8
2022/1/20, , 8, 24, 9
2022/1/21, , 7, 15, 15
2022/1/22, , 9, 20, 8
2022/1/23, , 8, 18, 10
2022/1/24, , 11, 16, 11
2022/1/25, , 15, 16, 13
2022/1/26, , 14, 12, 11
2022/1/27, , 13, 24, 8
2022/1/28, , 10, 26, 9
2022/1/29, , 10, 30, 5
2022/1/30, , 11, 29, 6
2022/1/31, , 16, 22, 11
2022/2/1, , 10, 24, 11
2022/2/2, , 9, 28, 8
2022/2/3, , 12, 17, 13
2022/2/4, , 11, 21, 7
2022/2/5, , 7, 25, 6
2022/2/6, , 4, 28, 3
2022/2/7, , 8, 25, 11
2022/2/8, , 11, 18, 10
2022/2/9, , 10, 23, 6
2022/2/10, , 12, 20, 9
2022/2/11, , 10, 25, 10
2022/2/12, , 12, 25, 11
2022/2/13, , 16, 21, 9
2022/2/14, , 16, 23, 11
2022/2/15, , 15, 21, 11
2022/2/16, , 6, 20, 8
2022/2/17, , 6, 28, 7
2022/2/18, , 9, 32, 9
2022/2/19, , 8, 31, 4
2022/2/20, , 6, 25, 4
2021/10/1, , 10, 25, 9
2021/10/2, , 12, 27, 5
2021/10/3, , 18, 17, 12
2021/10/4, , 10, 12, 10
2021/10/5, , 12, 20, 10
2021/10/6, , 10, 20, 14
2021/10/7, , 15, 27, 7
2021/10/8, , 27, 28, 7
2021/10/9, , 23, 27, 11
2021/10/10, , 24, 16, 13
2021/10/11, , 20, 23, 6
2021/10/12, , 6, 16, 10
2021/10/13, , 7, 14, 8
2021/10/14, , 9, 17, 8
2021/10/15, , 11, 21, 7
2021/10/16, , 8, 20, 6
2021/10/17, , 11, 20, 14
2021/10/18, , 13, 12, 10
2021/10/19, , 18, 22, 7
2021/10/20, , 15, 27, 4
2021/10/21, , 13, 24, 6
2021/10/22, , 7, 21, 9
2021/10/23, , 9, 23, 10
2021/10/24, , 12, 12, 15
2021/10/25, , 19, 12, 14
2021/10/26, , 20, 15, 10
2021/10/27, , 12, 14, 12
2021/10/28, , 17, 15, 14
2021/10/29, , 28, 25, 13
2021/10/30, , 33, 24, 7
2021/10/31, , 28, 21, 12
2021/11/1, , 21, 13, 13
2021/11/2, , 15, 7, 14
2021/11/3, , 14, 24, 7
2021/11/4, , 16, 21, 8
2021/11/5, , 9, 18, 5
2021/11/6, , 10, 22, 4
2021/11/7, , 7, 17, 8
2021/11/8, , 8, 10, 13
2021/11/9, , 13, 6, 15
2021/11/10, , 20, 8, 15
2021/11/11, , 20, 11, 10
2021/11/12, , 18, 3, 11
2021/11/13, , 22, 14, 7
2021/11/14, , 30, 14, 7
2021/11/15, , 27, 8, 10
2021/11/16, , 31, 8, 9
2021/11/17, , 13, 16, 9
2021/11/18, , 14, 13, 11
2021/11/19, , 11, 18, 8
2021/11/20, , 11, 17, 8
2021/11/21, , 12, 17, 9
2021/11/22, , 6, 11, 12
2021/11/23, , 11, 12, 15
2021/11/24, , 11, 20, 10
2021/11/25, , 21, 14, 10
2021/11/26, , 15, 9, 11
2021/11/27, , 17, 10, 12
2021/11/28, , 16, 8, 9
2021/11/29, , 15, 22, 9
2021/11/30, , 8, 27, 8
2021/12/1, , 6, 23, 9
2021/12/2, , 5, 17, 9
2021/12/3, , 10, 14, 8
2021/12/4, , 14, 9, 7
2021/12/5, , 26, 10, 10
2021/12/6, , 23, 7, 10
2021/12/7, , 23, 7, 11
2021/12/8, , 25, 8, 12
2021/12/9, , 32, , 15
2021/12/10, , 34, 3, 13
2021/12/11, , 19, 9, 12
2021/12/12, , 20, 7, 13
2021/12/13, , 12, 9, 13
2021/12/14, , 16, 7, 10
2021/12/15, , 16, 12, 12
2021/12/16, , 12, 19, 6
2021/12/17, , 11, 17, 12
2021/12/18, , 6, 21, 6
2021/12/19, , 6, 16, 10
2021/12/20, , 7, 11, 11
2021/12/21, , 13, 14, 13
2021/12/22, , 18, 5, 15
2021/12/23, , 23, 28, 9
2021/12/24, , 10, 19, 13
2021/12/25, , 8, 16, 16
2021/12/26, , 17, 12, 14
2021/12/27, , 35, 4, 14
2021/12/28, , 36, 5, 15
2021/12/29, , 16, 13, 10
2021/12/30, , 12, 17, 4
2021/12/31, , 8, 13, 8
2022/1/1, , 17, 21, 5
2022/1/2, , 9, , 
2021/7/1, , 8, 27, 7
2021/7/2, , 17, 34, 6
2021/7/3, , 15, 47, 4
2021/7/4, , 14, 28, 8
2021/7/5, , 15, 29, 6
2021/7/6, , 10, 27, 8
2021/7/7, , 8, 24, 7
2021/7/8, , 13, 21, 4
2021/7/9, , 11, 33, 4
2021/7/10, , 11, 39, 5
2021/7/11, , 16, 38, 5
2021/7/12, , 16, 45, 8
2021/7/13, , 17, 32, 5
2021/7/14, , 19, 32, 8
2021/7/15, , 12, 38, 9
2021/7/16, , 17, 31, 2
2021/7/17, , 16, 22, 3
2021/7/18, , 11, 20, 4
2021/7/19, , 12, 21, 7
2021/7/20, , 14, 26, 7
2021/7/21, , 12, 28, 6
2021/7/22, , 15, 37, 8
2021/7/23, , 20, 52, 6
2021/7/24, , 19, 56, 4
2021/7/25, , 21, 42, 7
2021/7/26, , 19, 38, 6
2021/7/27, , 12, 36, 7
2021/7/28, , 12, 30, 6
2021/7/29, , 13, 32, 7
2021/7/30, , 18, 32, 5
2021/7/31, , 13, 30, 4
2021/8/1, , 9, 27, 7
2021/8/2, , 8, 34, 8
2021/8/3, , 10, 36, 5
2021/8/4, , 11, 38, 6
2021/8/5, , 12, 41, 8
2021/8/6, , 13, 27, 4
2021/8/7, , 8, 27, 3
2021/8/8, , 7, 27, 6
2021/8/9, , 8, 29, 7
2021/8/10, , 9, 28, 8
2021/8/11, , 10, 41, 13
2021/8/12, , 15, 47, 13
2021/8/13, , 18, 41, 4
2021/8/14, , 14, 37, 5
2021/8/15, , 13, 32, 7
2021/8/16, , 14, 21, 4
2021/8/17, , 10, 23, 5
2021/8/18, , 10, 27, 4
2021/8/19, , 11, 24, 8
2021/8/20, , 10, 32, 5
2021/8/21, , 10, 27, 3
2021/8/22, , 11, 29, 3
2021/8/23, , 10, 33, 2
2021/8/24, , 7, 28, 9
2021/8/25, , 10, 18, 7
2021/8/26, , 8, 17, 4
2021/8/27, , 6, 25, 3
2021/8/28, , 7, 27, 4
2021/8/29, , 7, 25, 3
2021/8/30, , 10, 28, 3
2021/8/31, , 12, 16, 9
2021/9/1, , 15, 22, 7
2021/9/2, , 16, 30, 11
2021/9/3, , 18, 21, 6
2021/9/4, , 17, 32, 5
2021/9/5, , 15, 34, 9
2021/9/6, , 16, 34, 9
2021/9/7, , 19, 42, 14
2021/9/8, , 23, 41, 11
2021/9/9, , 27, 34, 15
2021/9/10, , 21, 24, 10
2021/9/11, , 17, 24, 6
2021/9/12, , 14, 25, 7
2021/9/13, , 10, 32, 10
2021/9/14, , 12, 20, 11
2021/9/15, , 20, 25, 9
2021/9/16, , 12, 21, 6
2021/9/17, , 5, 20, 4
2021/9/18, , 7, 27, 1
2021/9/19, , 9, 27, 5
2021/9/20, , 9, 21, 9
2021/9/21, , 10, 21, 8
2021/9/22, , 12, 27, 9
2021/9/23, , 20, 23, 8
2021/9/24, , 12, 17, 7
2021/9/25, , 16, 31, 9
2021/9/26, , 16, 20, 12
2021/9/27, , 17, 23, 9
2021/9/28, , 12, 22, 9
2021/9/29, , 16, 20, 6
2021/9/30, , 7, 24, 10
2021/4/1, , 31, 30, 6
2021/4/2, , 9, 34, 3
2021/4/3, , 7, 30, 13
2021/4/4, , 13, 27, 6
2021/4/5, , 12, 26, 10
2021/4/6, , 8, 25, 10
2021/4/7, , 8, 26, 8
2021/4/8, , 8, 35, 7
2021/4/9, , 16, 29, 5
2021/4/10, , 14, 34, 6
2021/4/11, , 25, 28, 9
2021/4/12, , 7, 27, 12
2021/4/13, , 9, 32, 7
2021/4/14, , 8, 35, 5
2021/4/15, , 8, 34, 3
2021/4/16, , 7, 31, 4
2021/4/17, , 11, 25, 5
2021/4/18, , 16, 33, 8
2021/4/19, , 20, 40, 6
2021/4/20, , 18, 40, 8
2021/4/21, , 19, 29, 8
2021/4/22, , 14, 34, 8
2021/4/23, , 11, 32, 8
2021/4/24, , 10, 34, 4
2021/4/25, , 8, 33, 7
2021/4/26, , 8, 37, 6
2021/4/27, , 10, 45, 7
2021/4/28, , 24, 32, 12
2021/4/29, , 24, 32, 7
2021/4/30, , 14, 34, 5
2021/5/1, , 17, 30, 6
2021/5/2, , 20, 29, 10
2021/5/3, , 9, 35, 8
2021/5/4, , 16, 32, 4
2021/5/5, , 10, 29, 6
2021/5/6, , 10, 26, 10
2021/5/7, , 9, 37, 6
2021/5/8, , 10, 39, 5
2021/5/9, , 10, 46, 8
2021/5/10, , 14, 50, 8
2021/5/11, , 18, 23, 7
2021/5/12, , 12, 22, 4
2021/5/13, , 9, 24, 11
2021/5/14, , 5, 35, 6
2021/5/15, , 9, 28, 4
2021/5/16, , 7, 32, 7
2021/5/17, , 7, 27, 9
2021/5/18, , 8, 34, 9
2021/5/19, , 10, 31, 11
2021/5/20, , 8, 34, 7
2021/5/21, , 13, 29, 5
2021/5/22, , 9, 30, 4
2021/5/23, , 6, 35, 6
2021/5/24, , 9, 30, 6
2021/5/25, , 8, 29, 5
2021/5/26, , 8, 27, 6
2021/5/27, , 7, 23, 10
2021/5/28, , 8, 30, 4
2021/5/29, , 12, 36, 2
2021/5/30, , 10, 38, 4
2021/5/31, , 12, 37, 10
2021/6/1, , 16, 38, 4
2021/6/2, , 14, 46, 6
2021/6/3, , 20, 41, 8
2021/6/4, , 23, 51, 3
2021/6/5, , 16, 54, 3
2021/6/6, , 19, 42, 3
2021/6/7, , 14, 44, 3
2021/6/8, , 18, 39, 5
2021/6/9, , 12, 50, 9
2021/6/10, , 18, 42, 6
2021/6/11, , 14, 29, 8
2021/6/12, , 16, 27, 5
2021/6/13, , 11, 33, 8
2021/6/14, , 14, 32, 5
2021/6/15, , 16, 45, 5
2021/6/16, , 12, 57, 8
2021/6/17, , 22, 52, 9
2021/6/18, , 24, 69, 9
2021/6/19, , 25, 48, 6
2021/6/20, , 23, 41, 7
2021/6/21, , 17, 29, 6
2021/6/22, , 13, 27, 6
2021/6/23, , 15, 26, 5
2021/6/24, , 14, 35, 6
2021/6/25, , 13, 42, 5
2021/6/26, , 12, 36, 3
2021/6/27, , 10, 47, 7
2021/6/28, , 14, 46, 9
2021/6/29, , 20, 19, 9
2021/6/30, , 17, 16, 6
2021/1/4, , 12, 15, 5
2021/1/5, , 15, 16, 9
2021/1/6, , 5, 7, 7
2021/1/7, , 9, 7, 10
2021/1/8, , 14, 4, 7
2021/1/9, , 11, 12, 7
2021/1/10, , 14, 14, 10
2021/1/11, , 14, 19, 10
2021/1/12, , 10, 19, 12
2021/1/13, , 6, 16, 7
2021/1/14, , 9, 23, 4
2021/1/15, , 9, 20, 11
2021/1/16, , 9, 15, 10
2021/1/17, , 15, 16, 14
2021/1/18, , 24, 15, 10
2021/1/19, , 13, 16, 10
2021/1/20, , 9, 22, 9
2021/1/21, , 7, 24, 9
2021/1/22, , 6, 12, 14
2021/1/23, , 17, 18, 10
2021/1/24, , 13, 10, 16
2021/1/25, , 17, 16, 16
2021/1/26, , 21, 15, 15
2021/1/27, , 17, 19, 8
2021/1/28, , 11, 14, 11
2021/1/29, , 10, 15, 8
2021/1/30, , 12, 16, 16
2021/1/31, , 16, 15, 15
2021/2/1, , 26, 8, 15
2021/2/2, , 27, 1, 17
2021/2/3, , 19, 19, 7
2021/2/4, , 13, 17, 7
2021/2/5, , 20, 28, 4
2021/2/6, , 18, 30, 2
2021/2/7, , 20, 27, 4
2021/2/8, , 17, 23, 8
2021/2/9, , 18, 23, 16
2021/2/10, , 23, 23, 11
2021/2/11, , 11, 29, 9
2021/2/12, , 8, 20, 20
2021/2/13, , 13, 19, 21
2021/2/14, , 26, 24, 22
2021/2/15, , 20, 13, 19
2021/2/16, , 26, 12, 19
2021/2/17, , 20, 24, 17
2021/2/18, , 17, 21, 13
2021/2/19, , 15, 17, 18
2021/2/20, , 19, 20, 10
2021/2/21, , 24, 13, 16
2021/2/22, , 30, 9, 19
2021/2/23, , 38, 15, 16
2021/2/24, , 40, 16, 17
2021/2/25, , 49, 19, 17
2021/2/26, , 19, 24, 12
2021/2/27, , 10, 19, 9
2021/2/28, , 12, 15, 15
2021/3/1, , 19, 4, 21
2021/3/2, , 30, 16, 19
2021/3/3, , 33, 24, 13
2021/3/4, , 28, 26, 8
2021/3/5, , 10, 18, 14
2021/3/6, , 10, 21, 14
2021/3/7, , 11, 31, 5
2021/3/8, , 8, 24, 14
2021/3/9, , 14, 26, 15
2021/3/10, , 23, 26, 9
2021/3/11, , 17, 26, 5
2021/3/12, , 8, 28, 4
2021/3/13, , 5, 28, 6
2021/3/14, , 5, 23, 7
2021/3/15, , 9, 23, 5
2021/3/16, , 8, 18, 14
2021/3/17, , 11, 24, 13
2021/3/18, , 11, 26, 4
2021/3/19, , 14, 23, 6
2021/3/20, , 7, 29, 5
2021/3/21, , 8, 28, 14
2021/3/22, , 9, 18, 15
2021/3/23, , 10, 24, 18
2021/3/24, , 34, 30, 20
2021/3/25, , 42, 25, 24
2021/3/26, , 48, 26, 9
2021/3/27, , 18, 28, 4
2021/3/28, , 9, 28, 10
2021/3/29, , 13, 33, 18
2021/3/30, , 22, 40, 26
2021/3/31, , 29, 30, 21
2020/10/1, , 25, 14, 6
2020/10/2, , 32, 27, 5
2020/10/3, , 23, 24, 7
2020/10/4, , 8, 9, 14
2020/10/5, , 11, 14, 9
2020/10/6, , 7, 12, 9
2020/10/7, , 7, 14, 9
2020/10/8, , 11, 15, 9
2020/10/9, , 8, 21, 8
2020/10/10, , 12, 17, 8
2020/10/11, , 11, 16, 12
2020/10/12, , 11, 16, 12
2020/10/13, , 15, 21, 3
2020/10/14, , 5, 20, 4
2020/10/15, , 6, 19, 5
2020/10/16, , 7, 17, 7
2020/10/17, , 11, 14, 7
2020/10/18, , 14, 14, 13
2020/10/19, , 12, 10, 12
2020/10/20, , 21, 8, 12
2020/10/21, , 21, 16, 12
2020/10/22, , 25, 16, 14
2020/10/23, , 17, 19, 7
2020/10/24, , 12, 18, 6
2020/10/25, , 11, 6, 12
2020/10/26, , 17, 14, 8
2020/10/27, , 9, 12, 9
2020/10/28, , 9, 15, 8
2020/10/29, , 8, 12, 10
2020/10/30, , 8, 9, 9
2020/10/31, , 9, 10, 6
2020/11/1, , 13, 12, 7
2020/11/2, , 8, 20, 11
2020/11/3, , 11, 17, 12
2020/11/4, , 9, 14, 11
2020/11/5, , 13, 10, 12
2020/11/6, , 16, 11, 10
2020/11/7, , 20, 6, 11
2020/11/8, , 31, 8, 8
2020/11/9, , 31, 6, 11
2020/11/10, , 23, 4, 11
2020/11/11, , 22, 7, 11
2020/11/12, , 20, 6, 14
2020/11/13, , 18, 7, 12
2020/11/14, , 19, 12, 8
2020/11/15, , 14, 16, 9
2020/11/16, , 12, 12, 10
2020/11/17, , 8, 14, 9
2020/11/18, , 10, 20, 13
2020/11/19, , 8, 13, 17
2020/11/20, , 9, 20, 9
2020/11/21, , 13, 19, 5
2020/11/22, , 9, 10, 11
2020/11/23, , 9, 7, 14
2020/11/24, , 16, 3, 12
2020/11/25, , 20, , 14
2020/11/26, , 22, 18, 9
2020/11/27, , 17, 20, 6
2020/11/28, , 11, 10, 9
2020/11/29, , 12, 7, 12
2020/11/30, , 13, 6, 11
2020/12/1, , 23, 2, 13
2020/12/2, , 35, 7, 13
2020/12/3, , 38, 5, 13
2020/12/4, , 23, 7, 14
2020/12/5, , 25, 17, 7
2020/12/6, , 19, 14, 10
2020/12/7, , 18, 4, 10
2020/12/8, , 32, 4, 9
2020/12/9, , 35, 4, 8
2020/12/10, , 31, 4, 9
2020/12/11, , 24, 5, 10
2020/12/12, , 31, 1, 8
2020/12/13, , 32, 4, 10
2020/12/14, , 20, 3, 13
2020/12/15, , 19, 2, 12
2020/12/16, , 18, 6, 10
2020/12/17, , 17, 4, 13
2020/12/18, , 17, 5, 12
2020/12/19, , 16, 4, 9
2020/12/20, , 17, 3, 11
2020/12/21, , 15, 21, 8
2020/12/22, , 8, 22, 10
2020/12/23, , 12, 21, 4
2020/12/24, , 6, 18, 6
2020/12/25, , 5, 17, 6
2020/12/26, , 11, 21, 4
2020/12/27, , 9, 13, 8
2020/12/28, , 12, 11, 10
2020/12/29, , 17, 11, 10
2020/12/30, , 11, 11, 9
2020/12/31, , 13, 13, 9
2021/1/1, , 27, 12, 10
2021/1/2, , 16, 12, 5
2021/1/3, , 11, 10, 5
2020/7/1, , 9, 29, 6
2020/7/2, , 12, 31, 8
2020/7/3, , 12, 34, 4
2020/7/4, , 12, 24, 2
2020/7/5, , 9, 23, 5
2020/7/6, , 12, 28, 7
2020/7/7, , 10, 24, 6
2020/7/8, , 9, 18, 7
2020/7/9, , 12, 21, 8
2020/7/10, , 10, 24, 6
2020/7/11, , 7, 26, 4
2020/7/12, , 7, 32, 8
2020/7/13, , 10, 40, 10
2020/7/14, , 14, 33, 7
2020/7/15, , 13, 21, 6
2020/7/16, , 11, 18, 9
2020/7/17, , 11, 41, 7
2020/7/18, , 18, 46, 9
2020/7/19, , 22, 30, 6
2020/7/20, , 15, 26, 7
2020/7/21, , 8, 28, 6
2020/7/22, , 8, 28, 7
2020/7/23, , 8, 42, 10
2020/7/24, , 15, 32, 6
2020/7/25, , 11, 25, 7
2020/7/26, , 15, 31, 11
2020/7/27, , 11, 29, 7
2020/7/28, , 13, 28, 8
2020/7/29, , 12, 28, 6
2020/7/30, , 12, 34, 7
2020/7/31, , 12, 40, 5
2020/8/1, , 16, 25, 7
2020/8/2, , 14, 26, 4
2020/8/3, , 12, 27, 6
2020/8/4, , 10, 41, 10
2020/8/5, , 14, 43, 8
2020/8/6, , 17, 50, 10
2020/8/7, , 23, 77, 14
2020/8/8, , 33, 66, 11
2020/8/9, , 31, 47, 7
2020/8/10, , 23, 43, 4
2020/8/11, , 22, 44, 5
2020/8/12, , 22, 54, 11
2020/8/13, , 27, 49, 9
2020/8/14, , 22, 63, 8
2020/8/15, , 22, 42, 4
2020/8/16, , 19, 50, 7
2020/8/17, , 21, 36, 9
2020/8/18, , 14, 37, 7
2020/8/19, , 12, 39, 14
2020/8/20, , 16, 46, 14
2020/8/21, , 16, 30, 8
2020/8/22, , 16, 31, 6
2020/8/23, , 10, 25, 7
2020/8/24, , 11, 29, 8
2020/8/25, , 14, 20, 6
2020/8/26, , 9, 25, 8
2020/8/27, , 7, 25, 14
2020/8/28, , 13, 28, 9
2020/8/29, , 10, 29, 10
2020/8/30, , 17, 24, 8
2020/8/31, , 10, 26, 5
2020/9/1, , 8, 15, 9
2020/9/2, , 7, 36, 11
2020/9/3, , 11, 22, 8
2020/9/4, , 10, 20, 8
2020/9/5, , 10, 22, 6
2020/9/6, , 9, 22, 11
2020/9/7, , 9, 24, 11
2020/9/8, , 13, 22, 9
2020/9/9, , 15, 24, 9
2020/9/10, , 9, 29, 17
2020/9/11, , 17, 36, 14
2020/9/12, , 18, 29, 11
2020/9/13, , 15, 39, 23
2020/9/14, , 25, 37, 17
2020/9/15, , 29, 46, 17
2020/9/16, , 26, 26, 3
2020/9/17, , 9, 25, 11
2020/9/18, , 12, 33, 10
2020/9/19, , 19, 38, 7
2020/9/20, , 22, 37, 15
2020/9/21, , 26, 42, 22
2020/9/22, , 37, 51, 21
2020/9/23, , 38, 27, 15
2020/9/24, , 28, 14, 15
2020/9/25, , 12, 16, 10
2020/9/26, , 9, 17, 7
2020/9/27, , 6, 22, 10
2020/9/28, , 9, 19, 15
2020/9/29, , 12, 28, 15
2020/9/30, , 19, 15, 11
2020/4/1, , 11, 30, 11
2020/4/2, , 16, 29, 9
2020/4/3, , 14, 36, 9
2020/4/4, , 11, 39, 8
2020/4/5, , 20, 43, 14
2020/4/6, , 30, 37, 12
2020/4/7, , 24, 44, 12
2020/4/8, , 22, 36, 14
2020/4/9, , 22, 34, 6
2020/4/10, , 11, 39, 8
2020/4/11, , 18, 42, 10
2020/4/12, , 18, 27, 5
2020/4/13, , 13, 31, 9
2020/4/14, , 11, 32, 11
2020/4/15, , 16, 36, 9
2020/4/16, , 19, 39, 7
2020/4/17, , 15, 40, 3
2020/4/18, , 12, 35, 1
2020/4/19, , 8, 37, 3
2020/4/20, , 9, 38, 3
2020/4/21, , 15, 40, 5
2020/4/22, , 14, 44, 11
2020/4/23, , 20, 45, 20
2020/4/24, , 29, 37, 5
2020/4/25, , 10, 39, 9
2020/4/26, , 11, 44, 17
2020/4/27, , 22, 54, 15
2020/4/28, , 28, 31, 5
2020/4/29, , 13, 26, 9
2020/4/30, , 10, 31, 3
2020/5/1, , 5, 30, 5
2020/5/2, , 9, 28, 11
2020/5/3, , 10, 24, 14
2020/5/4, , 13, 31, 7
2020/5/5, , 6, 33, 9
2020/5/6, , 8, 32, 8
2020/5/7, , 15, 48, 13
2020/5/8, , 19, 41, 11
2020/5/9, , 15, 50, 6
2020/5/10, , 17, 24, 5
2020/5/11, , 9, 30, 8
2020/5/12, , 8, 32, 10
2020/5/13, , 11, 31, 5
2020/5/14, , 8, 34, 14
2020/5/15, , 10, 34, 12
2020/5/16, , 8, 31, 8
2020/5/17, , 8, 39, 11
2020/5/18, , 12, 29, 11
2020/5/19, , 15, 36, 9
2020/5/20, , 12, 41, 4
2020/5/21, , 11, 40, 7
2020/5/22, , 14, 28, 8
2020/5/23, , 16, 25, 6
2020/5/24, , 11, 23, 8
2020/5/25, , 9, 32, 4
2020/5/26, , 11, 39, 12
2020/5/27, , 12, 32, 2
2020/5/28, , 10, 32, 3
2020/5/29, , 8, 32, 1
2020/5/30, , 8, 32, 1
2020/5/31, , 11, 35, 1
2020/6/1, , 10, 32, 4
2020/6/2, , 9, 36, 5
2020/6/3, , 11, 38, 8
2020/6/4, , 17, 29, 8
2020/6/5, , 11, 31, 4
2020/6/6, , 7, 31, 6
2020/6/7, , 8, 36, 6
2020/6/8, , 8, 37, 4
2020/6/9, , 9, 39, 3
2020/6/10, , 9, 22, 5
2020/6/11, , 21, 38, 3
2020/6/12, , 14, 41, 3
2020/6/13, , 22, 35, 1
2020/6/14, , 17, 36, 3
2020/6/15, , 14, 43, 8
2020/6/16, , 13, 49, 8
2020/6/17, , 16, 43, 4
2020/6/18, , 17, 32, 6
2020/6/19, , 14, 28, 9
2020/6/20, , 11, 31, 4
2020/6/21, , 10, 34, 8
2020/6/22, , 9, 32, 5
2020/6/23, , 9, 34, 5
2020/6/24, , 14, 40, 4
2020/6/25, , 18, 37, 6
2020/6/26, , 21, 57, 5
2020/6/27, , 18, 31, 5
2020/6/28, , 14, 33, 7
2020/6/29, , 10, 32, 6
2020/6/30, , 14, 26, 6
2020/1/1, , 26, 5, 21
2020/1/2, , 21, 13, 11
2020/1/3, , 12, 22, 9
2020/1/4, , 9, 18, 12
2020/1/5, , 12, 17, 11
2020/1/6, , 15, 8, 15
2020/1/7, , 19, 9, 12
2020/1/8, , 12, 7, 12
2020/1/9, , 12, 16, 10
2020/1/10, , 10, 22, 12
2020/1/11, , 8, 19, 7
2020/1/12, , 13, 19, 13
2020/1/13, , 11, 14, 14
2020/1/14, , 12, 14, 14
2020/1/15, , 11, 13, 21
2020/1/16, , 12, 15, 16
2020/1/17, , 26, 20, 9
2020/1/18, , 12, 15, 16
2020/1/19, , 16, 10, 17
2020/1/20, , 15, 10, 17
2020/1/21, , 14, 14, 18
2020/1/22, , 17, 17, 16
2020/1/23, , 15, 5, 17
2020/1/24, , 28, 8, 11
2020/1/25, , 15, 9, 10
2020/1/26, , 19, 12, 16
2020/1/27, , 24, 26, 10
2020/1/28, , 9, 21, 9
2020/1/29, , 9, 21, 10
2020/1/30, , 10, 18, 11
2020/1/31, , 9, 24, 6
2020/2/1, , 5, 26, 8
2020/2/2, , 8, 20, 14
2020/2/3, , 8, 23, 12
2020/2/4, , 8, 22, 7
2020/2/5, , 6, 13, 18
2020/2/6, , 13, 11, 18
2020/2/7, , 17, 16, 11
2020/2/8, , 17, 26, 7
2020/2/9, , 18, 26, 7
2020/2/10, , 6, 26, 6
2020/2/11, , 6, 25, 8
2020/2/12, , 9, 21, 12
2020/2/13, , 11, 11, 15
2020/2/14, , 19, 16, 12
2020/2/15, , 15, 22, 7
2020/2/16, , 9, 33, 6
2020/2/17, , 7, 25, 7
2020/2/18, , 7, 21, 10
2020/2/19, , 7, 18, 13
2020/2/20, , 13, 23, 11
2020/2/21, , 9, 32, 5
2020/2/22, , 8, 27, 7
2020/2/23, , 6, 23, 11
2020/2/24, , 9, 25, 8
2020/2/25, , 7, 22, 13
2020/2/26, , 10, 20, 15
2020/2/27, , 15, 23, 13
2020/2/28, , 13, 30, 7
2020/2/29, , 15, 28, 5
2020/3/1, , 6, 21, 14
2020/3/2, , 11, 14, 18
2020/3/3, , 9, 20, 13
2020/3/4, , 17, 24, 13
2020/3/5, , 17, 21, 13
2020/3/6, , 17, 19, 15
2020/3/7, , 20, 20, 9
2020/3/8, , 18, 17, 15
2020/3/9, , 14, 16, 11
2020/3/10, , 9, 22, 13
2020/3/11, , 8, 27, 8
2020/3/12, , 8, 24, 9
2020/3/13, , 8, 29, 13
2020/3/14, , 13, 30, 6
2020/3/15, , 11, 25, 16
2020/3/16, , 16, 24, 19
2020/3/17, , 21, 30, 14
2020/3/18, , 19, 24, 9
2020/3/19, , 18, 27, 6
2020/3/20, , 12, 30, 2
2020/3/21, , 8, 31, 4
2020/3/22, , 7, 32, 7
2020/3/23, , 12, 34, 10
2020/3/24, , 20, 39, 8
2020/3/25, , 26, 37, 7
2020/3/26, , 31, 42, 7
2020/3/27, , 41, 48, 5
2020/3/28, , 46, 31, 4
2020/3/29, , 13, 20, 14
2020/3/30, , 11, 31, 7
2020/3/31, , 7, 29, 11
2019/10/1, , 8, 19, 9
2019/10/2, , 7, 13, 8
2019/10/3, , 6, 14, 12
2019/10/4, , 8, 18, 4
2019/10/5, , 9, 22, 9
2019/10/6, , 9, 17, 21
2019/10/7, , 11, 10, 12
2019/10/8, , 13, 21, 9
2019/10/9, , 11, 16, 8
2019/10/10, , 9, 16, 9
2019/10/11, , 9, 22, 10
2019/10/12, , 16, 22, 8
2019/10/13, , 13, 21, 12
2019/10/14, , 16, 17, 18
2019/10/15, , 22, 14, 12
2019/10/16, , 28, 12, 14
2019/10/17, , 12, 21, 9
2019/10/18, , 11, 15, 10
2019/10/19, , 8, 14, 12
2019/10/20, , 12, 3, 17
2019/10/21, , 20, 9, 16
2019/10/22, , 25, 12, 13
2019/10/23, , 19, 11, 15
2019/10/24, , 35, 15, 14
2019/10/25, , 36, 18, 8
2019/10/26, , 13, 16, 8
2019/10/27, , 12, , 
2019/11/28, , 8, 17, 11
2019/11/29, , 7, 12, 12
2019/11/30, , 12, 11, 11
2019/12/1, , 21, 19, 9
2019/12/2, , 13, 15, 14
2019/12/3, , 13, 12, 14
2019/12/4, , 19, 2, 18
2019/12/5, , 26, 13, 16
2019/12/6, , 23, 19, 6
2019/12/7, , 8, 25, 6
2019/12/8, , 7, 23, 11
2019/12/9, , 8, 20, 13
2019/12/10, , 12, 15, 15
2019/12/11, , 14, 7, 16
2019/12/12, , 18, 4, 14
2019/12/13, , 24, 24, 11
2019/12/14, , 10, 24, 7
2019/12/15, , 6, 17, 20
2019/12/16, , 11, 2, 19
2019/12/17, , 17, 19, 18
2019/12/18, , 10, 2, 16
2019/12/19, , 25, 5, 17
2019/12/20, , 26, 10, 16
2019/12/21, , 14, 4, 14
2019/12/22, , 20, 14, 12
2019/12/23, , 12, 16, 9
2019/12/24, , 11, 15, 6
2019/12/25, , 9, 14, 10
2019/12/26, , 8, 11, 7
2019/12/27, , 8, 18, 9
2019/12/28, , 6, 14, 15
2019/12/29, , 12, , 
2019/7/1, , 16, 29, 8
2019/7/2, , 16, 27, 8
2019/7/3, , 14, 29, 5
2019/7/4, , 12, 24, 6
2019/7/5, , 12, 31, 6
2019/7/6, , 11, 28, 3
2019/7/7, , 11, 22, 8
2019/7/8, , 10, 24, 11
2019/7/9, , 7, 22, 10
2019/7/10, , 8, 38, 11
2019/7/11, , 12, 15, 15
2019/7/12, , 12, 29, 10
2019/7/13, , 12, 30, 6
2019/7/14, , 15, 29, 10
2019/7/15, , 14, 18, 11
2019/7/16, , 12, 28, 10
2019/7/17, , 9, 41, 7
2019/7/18, , 12, 35, 11
2019/7/19, , 15, 42, 10
2019/7/20, , 15, 31, 6
2019/7/21, , 13, 35, 10
2019/7/22, , 13, 33, 9
2019/7/23, , 16, 40, 7
2019/7/24, , 15, 40, 7
2019/7/25, , 18, 38, 3
2019/7/26, , 15, 35, 2
2019/7/27, , 16, 52, 3
2019/7/28, , 16, 57, 12
2019/7/29, , 20, 27, 11
2019/7/30, , 24, 29, 8
2019/7/31, , 19, 31, 8
2019/8/1, , 14, 34, 13
2019/8/2, , 12, 32, 6
2019/8/3, , 14, 30, 8
2019/8/4, , 10, 34, 13
2019/8/5, , 12, 38, 11
2019/8/6, , 16, 29, 12
2019/8/7, , 14, 31, 10
2019/8/8, , 15, 40, 13
2019/8/9, , 14, 30, 5
2019/8/10, , 13, 37, 7
2019/8/11, , 11, 30, 11
2019/8/12, , 13, 29, 8
2019/8/13, , 12, 31, 12
2019/8/14, , 10, 27, 12
2019/8/15, , 13, 22, 10
2019/8/16, , 12, 33, 9
2019/8/17, , 14, 21, 6
2019/8/18, , 10, 29, 12
2019/8/19, , 9, 31, 17
2019/8/20, , 13, 37, 12
2019/8/21, , 12, 45, 17
2019/8/22, , 15, 44, 13
2019/8/23, , 17, 46, 8
2019/8/24, , 18, 45, 5
2019/8/25, , 16, 52, 12
2019/8/26, , 19, 45, 13
2019/8/27, , 25, 48, 12
2019/8/28, , 24, 53, 10
2019/8/29, , 19, 54, 7
2019/8/30, , 16, 60, 8
2019/8/31, , 21, 45, 7
2019/9/1, , 20, 26, 13
2019/9/2, , 12, 26, 14
2019/9/3, , 12, 38, 13
2019/9/4, , 17, 24, 9
2019/9/5, , 16, 27, 11
2019/9/6, , 12, 25, 13
2019/9/7, , 15, 34, 5
2019/9/8, , 13, 20, 9
2019/9/9, , 9, 35, 8
2019/9/10, , 9, 37, 15
2019/9/11, , 12, 18, 11
2019/9/12, , 13, 23, 10
2019/9/13, , 13, 26, 12
2019/9/14, , 11, 27, 14
2019/9/15, , 12, 19, 10
2019/9/16, , 13, 19, 9
2019/9/17, , 12, 24, 11
2019/9/18, , 9, 20, 12
2019/9/19, , 9, 17, 15
2019/9/20, , 9, 27, 15
2019/9/21, , 10, 30, 12
2019/9/22, , 16, 30, 14
2019/9/23, , 17, 13, 14
2019/9/24, , 27, 7, 15
2019/9/25, , 24, 14, 14
2019/9/26, , 15, 11, 12
2019/9/27, , 10, 15, 9
2019/9/28, , 10, 14, 5
2019/9/29, , 8, 21, 6
2019/9/30, , 6, 18, 9
2019/4/1, , 12, 32, 11
2019/4/2, , 15, 39, 15
2019/4/3, , 30, 41, 12
2019/4/4, , 37, 26, 12
2019/4/5, , 33, 48, 9
2019/4/6, , 39, 48, 5
2019/4/7, , 38, 48, 13
2019/4/8, , 35, 41, 4
2019/4/9, , 27, 36, 8
2019/4/10, , 21, 30, 5
2019/4/11, , 16, 29, 5
2019/4/12, , 11, 33, 4
2019/4/13, , 14, 30, 4
2019/4/14, , 18, 41, 6
2019/4/15, , 17, 43, 10
2019/4/16, , 19, 41, 9
2019/4/17, , 25, 50, 11
2019/4/18, , 26, 58, 5
2019/4/19, , 29, 51, 5
2019/4/20, , 22, 49, 6
2019/4/21, , 19, 45, 3
2019/4/22, , 17, 44, 4
2019/4/23, , 27, 35, 7
2019/4/24, , 34, 43, 10
2019/4/25, , 28, 41, 13
2019/4/26, , 21, 33, 9
2019/4/27, , 22, 27, 7
2019/4/28, , 12, 36, 6
2019/4/29, , 11, 45, 10
2019/4/30, , 15, 16, 21
2019/5/1, , 15, 27, 12
2019/5/2, , 17, 32, 10
2019/5/3, , 15, 30, 9
2019/5/4, , 11, 33, 10
2019/5/5, , 8, 31, 11
2019/5/6, , 10, 28, 8
2019/5/7, , 10, 40, 15
2019/5/8, , 15, 34, 9
2019/5/9, , 15, 27, 12
2019/5/10, , 12, 37, 6
2019/5/11, , 12, 35, 3
2019/5/12, , 10, 33, 6
2019/5/13, , 9, 32, 4
2019/5/14, , 9, 33, 4
2019/5/15, , 8, 27, 9
2019/5/16, , 7, 32, 12
2019/5/17, , 15, 40, 9
2019/5/18, , 16, 45, 10
2019/5/19, , 14, 26, 6
2019/5/20, , 14, 38, 10
2019/5/21, , 12, 25, 9
2019/5/22, , 8, 34, 8
2019/5/23, , 6, 48, 12
2019/5/24, , 7, 31, 8
2019/5/25, , 7, 37, 6
2019/5/26, , 5, 26, 10
2019/5/27, , 7, 32, 6
2019/5/28, , 6, 35, 7
2019/5/29, , 4, 40, 6
2019/5/30, , 4, 26, 9
2019/5/31, , 5, 38, 11
2019/6/1, , 6, 44, 6
2019/6/2, , 5, 44, 9
2019/6/3, , 5, 56, 9
2019/6/4, , 7, 53, 10
2019/6/5, , 9, 42, 11
2019/6/6, , 19, 42, 9
2019/6/7, , 17, 34, 5
2019/6/8, , 13, 38, 5
2019/6/9, , 11, 47, 5
2019/6/10, , 13, 52, 8
2019/6/11, , 22, 45, 8
2019/6/12, , 22, 41, 12
2019/6/13, , 16, 48, 10
2019/6/14, , 12, 51, 7
2019/6/15, , 20, 38, 10
2019/6/16, , 14, 54, 11
2019/6/17, , 11, 44, 10
2019/6/18, , 16, 54, 10
2019/6/19, , 18, 40, 11
2019/6/20, , 16, 38, 9
2019/6/21, , 12, 43, 3
2019/6/22, , 12, 45, 1
2019/6/23, , 10, 45, 6
2019/6/24, , 11, 59, 11
2019/6/25, , 17, 76, 14
2019/6/26, , 24, 34, 7
2019/6/27, , 19, 35, 7
2019/6/28, , 14, 47, 9
2019/6/29, , 13, 65, 11
2019/6/30, , 16, 40, 8
2019/1/1, , 16, 23, 7
2019/1/2, , 9, 16, 17
2019/1/3, , 8, 11, 18
2019/1/4, , 12, 20, 8
2019/1/5, , 10, 20, 8
2019/1/6, , 8, 10, 17
2019/1/7, , 12, 20, 10
2019/1/8, , 9, 21, 5
2019/1/9, , 4, 24, 8
2019/1/10, , 5, 12, 15
2019/1/11, , 10, 24, 9
2019/1/12, , 14, 23, 7
2019/1/13, , 8, 27, 9
2019/1/14, , 7, 20, 13
2019/1/15, , 11, 15, 12
2019/1/16, , 14, 18, 11
2019/1/17, , 13, 21, 12
2019/1/18, , 8, 15, 16
2019/1/19, , 13, 14, 14
2019/1/20, , 31, 7, 17
2019/1/21, , 33, 8, 20
2019/1/22, , 39, 14, 13
2019/1/23, , 48, 19, 10
2019/1/24, , 42, 15, 14
2019/1/25, , 34, 9, 16
2019/1/26, , 29, 14, 11
2019/1/27, , 15, 15, 14
2019/1/28, , 10, 13, 17
2019/1/29, , 12, 17, 15
2019/1/30, , 17, 9, 21
2019/1/31, , 26, 7, 17
2019/2/1, , 36, 6, 12
2019/2/2, , 42, 13, 9
2019/2/3, , 36, 14, 17
2019/2/4, , 20, 15, 17
2019/2/5, , 17, 16, 16
2019/2/6, , 19, 12, 19
2019/2/7, , 20, 17, 14
2019/2/8, , 19, 27, 7
2019/2/9, , 12, 22, 9
2019/2/10, , 8, 23, 10
2019/2/11, , 7, 27, 15
2019/2/12, , 8, 9, 16
2019/2/13, , 18, 15, 20
2019/2/14, , 24, 8, 30
2019/2/15, , 24, 18, 22
2019/2/16, , 23, 9, 25
2019/2/17, , 20, 8, 28
2019/2/18, , 29, 20, 17
2019/2/19, , 29, 17, 14
2019/2/20, , 18, 17, 16
2019/2/21, , 22, 28, 6
2019/2/22, , 16, 21, 14
2019/2/23, , 12, 18, 25
2019/2/24, , 18, 16, 25
2019/2/25, , 23, 11, 22
2019/2/26, , 31, 15, 25
2019/2/27, , 44, 16, 18
2019/2/28, , 33, 22, 11
2019/3/1, , 42, 24, 10
2019/3/2, , 24, 24, 6
2019/3/3, , 17, 31, 9
2019/3/4, , 11, 24, 6
2019/3/5, , 11, 23, 13
2019/3/6, , 13, 27, 13
2019/3/7, , 12, 30, 6
2019/3/8, , 8, 29, 7
2019/3/9, , 9, 31, 6
2019/3/10, , 8, 25, 12
2019/3/11, , 8, 27, 12
2019/3/12, , 10, 29, 8
2019/3/13, , 10, 27, 11
2019/3/14, , 8, 29, 9
2019/3/15, , 8, 30, 9
2019/3/16, , 9, 29, 6
2019/3/17, , 8, 28, 8
2019/3/18, , 7, 26, 14
2019/3/19, , 9, 32, 17
2019/3/20, , 15, 17, 16
2019/3/21, , 23, 13, 13
2019/3/22, , 26, 21, 10
2019/3/23, , 30, 31, 9
2019/3/24, , 23, 29, 11
2019/3/25, , 12, 27, 15
2019/3/26, , 9, 19, 19
2019/3/27, , 10, 16, 13
2019/3/28, , 11, 23, 14
2019/3/29, , 14, 33, 13
2019/3/30, , 18, 35, 9
2019/3/31, , 21, 34, 12
2018/10/1, , 18, 17, 10
2018/10/2, , 11, 24, 7
2018/10/3, , 10, 13, 14
2018/10/4, , 11, 22, 17
2018/10/5, , 15, 23, 18
2018/10/6, , 19, 25, 9
2018/10/7, , 18, 17, 22
2018/10/8, , 10, 8, 28
2018/10/9, , 21, 28, 21
2018/10/10, , 32, 33, 16
2018/10/11, , 36, 28, 26
2018/10/12, , 39, 32, 21
2018/10/13, , 39, 36, 11
2018/10/14, , 36, 26, 20
2018/10/15, , 36, 18, 32
2018/10/16, , 48, 13, 34
2018/10/17, , 55, 10, 21
2018/10/18, , 56, 21, 14
2018/10/19, , 29, 23, 16
2018/10/20, , 25, 19, 15
2018/10/21, , 20, 18, 16
2018/10/22, , 18, 18, 9
2018/10/23, , 13, 30, 7
2018/10/24, , 9, 23, 10
2018/10/25, , 9, 20, 12
2018/10/26, , 11, 22, 7
2018/10/27, , 12, 19, 4
2018/10/28, , 7, 19, 5
2018/10/29, , 7, 20, 10
2018/10/30, , 19, 16, 14
2018/10/31, , 14, 3, 20
2018/11/1, , 21, 10, 18
2018/11/2, , 24, 14, 16
2018/11/3, , 19, 6, 9
2018/11/4, , 28, 6, 15
2018/11/5, , 40, 10, 19
2018/11/6, , 37, 8, 19
2018/11/7, , 35, 4, 19
2018/11/8, , 39, 2, 15
2018/11/9, , 26, 6, 13
2018/11/10, , 32, 6, 15
2018/11/11, , 32, 5, 15
2018/11/12, , 21, 12, 16
2018/11/13, , 19, 12, 17
2018/11/14, , 17, 8, 18
2018/11/15, , 27, 14, 12
2018/11/16, , 25, 9, 10
2018/11/17, , 27, 12, 10
2018/11/18, , 35, 14, 7
2018/11/19, , 18, 16, 7
2018/11/20, , 17, 12, 9
2018/11/21, , 29, 13, 10
2018/11/22, , 33, 6, 11
2018/11/23, , 37, 1, 11
2018/11/24, , 44, 1, 9
2018/11/25, , 42, 11, 8
2018/11/26, , 37, 4, 20
2018/11/27, , 28, 14, 17
2018/11/28, , 28, 10, 17
2018/11/29, , 34, 13, 14
2018/11/30, , 34, 4, 19
2018/12/1, , 31, 11, 11
2018/12/2, , 32, 11, 17
2018/12/3, , 10, 17, 15
2018/12/4, , 10, 10, 21
2018/12/5, , 14, 9, 17
2018/12/6, , 17, 11, 13
2018/12/7, , 14, 23, 7
2018/12/8, , 8, 25, 7
2018/12/9, , 6, 21, 13
2018/12/10, , 8, 12, 10
2018/12/11, , 8, 10, 11
2018/12/12, , 8, 6, 8
2018/12/13, , 18, 11, 10
2018/12/14, , 20, 14, 7
2018/12/15, , 21, 10, 9
2018/12/16, , 25, 3, 16
2018/12/17, , 28, 1, 19
2018/12/18, , 29, 5, 17
2018/12/19, , 25, 2, 16
2018/12/20, , 26, 11, 15
2018/12/21, , 21, 23, 9
2018/12/22, , 8, 18, 10
2018/12/23, , 10, 14, 7
2018/12/24, , 13, 15, 9
2018/12/25, , 13, 15, 6
2018/12/26, , 13, 8, 13
2018/12/27, , 17, 10, 10
2018/12/30, , 9, , 
2018/7/1, , 7, 30, 7
2018/7/2, , 7, 43, 11
2018/7/3, , 11, 64, 13
2018/7/4, , 15, 67, 11
2018/7/5, , 21, 27, 11
2018/7/6, , 17, 33, 9
2018/7/7, , 17, 33, 6
2018/7/8, , 16, 26, 7
2018/7/9, , 16, 21, 9
2018/7/10, , 17, 37, 8
2018/7/11, , 15, 21, 7
2018/7/12, , 11, 31, 12
2018/7/13, , 17, 30, 7
2018/7/14, , 18, 32, 5
2018/7/15, , 12, 39, 8
2018/7/16, , 14, 39, 7
2018/7/17, , 18, 43, 8
2018/7/18, , 19, 36, 6
2018/7/19, , 18, 45, 12
2018/7/20, , 18, 46, 6
2018/7/21, , 18, 57, 8
2018/7/22, , 19, 34, 8
2018/7/23, , 20, 31, 10
2018/7/24, , 16, 34, 8
2018/7/25, , 16, 46, 5
2018/7/26, , 17, 39, 6
2018/7/27, , 20, 49, 6
2018/7/28, , 21, 47, 7
2018/7/29, , 17, 50, 9
2018/7/30, , 16, 59, 11
2018/7/31, , 19, 46, 8
2018/8/1, , 22, 49, 3
2018/8/2, , 16, 70, 6
2018/8/3, , 15, 74, 7
2018/8/4, , 18, 30, 3
2018/8/5, , 14, 42, 9
2018/8/6, , 11, 61, 12
2018/8/7, , 16, 67, 14
2018/8/8, , 22, 68, 6
2018/8/9, , 28, 34, 7
2018/8/10, , 23, 36, 8
2018/8/11, , 13, 40, 10
2018/8/12, , 16, 44, 10
2018/8/13, , 19, 27, 7
2018/8/14, , 15, 28, 10
2018/8/15, , 11, 42, 16
2018/8/16, , 20, 60, 12
2018/8/17, , 23, 37, 5
2018/8/18, , 18, 53, 16
2018/8/19, , 17, 19, 16
2018/8/20, , 20, 29, 6
2018/8/21, , 16, 43, 11
2018/8/22, , 22, 54, 20
2018/8/23, , 27, 24, 13
2018/8/24, , 29, 26, 7
2018/8/25, , 19, 25, 8
2018/8/26, , 11, 26, 10
2018/8/27, , 12, 26, 10
2018/8/28, , 15, 42, 14
2018/8/29, , 20, 29, 15
2018/8/30, , 24, 23, 11
2018/8/31, , 15, 36, 11
2018/9/1, , 14, 33, 3
2018/9/2, , 13, 44, 5
2018/9/3, , 17, 40, 5
2018/9/4, , 19, 38, 5
2018/9/5, , 18, 38, 7
2018/9/6, , 21, 33, 14
2018/9/7, , 24, 31, 9
2018/9/8, , 16, 42, 14
2018/9/9, , 16, 34, 23
2018/9/10, , 17, 33, 13
2018/9/11, , 19, 24, 9
2018/9/12, , 18, 20, 6
2018/9/13, , 11, 16, 14
2018/9/14, , 12, 22, 10
2018/9/15, , 16, 30, 11
2018/9/16, , 12, 35, 24
2018/9/17, , 18, 43, 29
2018/9/18, , 30, 39, 19
2018/9/19, , 33, 36, 21
2018/9/20, , 32, 38, 17
2018/9/21, , 34, 22, 20
2018/9/22, , 30, 20, 14
2018/9/23, , 28, 21, 13
2018/9/24, , 9, 23, 15
2018/9/25, , 9, 25, 14
2018/9/26, , 10, 18, 15
2018/9/27, , 12, 24, 11
2018/9/28, , 14, 20, 13
2018/9/29, , 11, 26, 14
2018/9/30, , 12, 13, 22
2018/5/14, , 27, 41, 9
2018/5/15, , 28, 41, 6
2018/5/16, , 26, 32, 10
2018/5/17, , 25, 22, 13
2018/5/18, , 26, 36, 4
2018/5/19, , 23, 40, 4
2018/5/20, , 15, 45, 4
2018/5/21, , 14, 47, 10
2018/5/22, , 18, 45, 6
2018/5/23, , 18, 44, 6
2018/5/24, , 17, 44, 6
2018/5/25, , 21, 48, 5
2018/5/26, , 19, 53, 4
2018/5/27, , 20, 57, 11
2018/5/28, , 23, 63, 8
2018/5/29, , 26, 52, 13
2018/5/30, , 28, 53, 11
2018/5/31, , 28, 60, 10
2018/6/1, , 29, 37, 11
2018/6/2, , 29, 39, 8
2018/6/3, , 28, 45, 10
2018/6/4, , 22, 36, 6
2018/6/5, , 22, 38, 6
2018/6/6, , 20, 46, 10
2018/6/7, , 19, 53, 10
2018/6/8, , 21, 70, 6
2018/6/9, , 20, 51, 9
2018/6/10, , 22, 37, 8
2018/6/11, , 27, 31, 9
2018/6/12, , 21, 21, 10
2018/6/13, , 14, 37, 10
2018/6/14, , 13, 32, 14
2018/6/15, , 19, 44, 10
2018/6/16, , 18, 39, 9
2018/6/17, , 21, 34, 11
2018/6/18, , 19, 32, 10
2018/6/19, , 18, 35, 10
2018/6/20, , 17, 28, 15
2018/6/21, , 18, 26, 9
2018/6/22, , 14, 28, 11
2018/6/23, , 15, 20, 11
2018/6/24, , 13, 23, 9
2018/6/25, , 12, 26, 8
2018/6/26, , 19, 35, 5
2018/6/27, , 12, 42, 4
2018/6/28, , 12, 43, 5
2018/6/29, , 15, 29, 3
2018/6/30, , 11, 31, 2
2019/12/31, , , 18, 14
2019/11/27, , , 19, 9
2018/12/31, , , 12, 10
2018/12/28, , , 7, 15
2018/12/29, , , 26, 7
2018/5/13, , , , 9